,fullTimeEmployees,auditRisk,overallRisk,dividendYield,payoutRatio,fiveYearAvgDividendYield,beta,forwardPE,averageVolume,marketCap,ebitdaMargins,earningsGrowth,returnOnEquity,Cluster_KMeans,Cluster_DBSCAN,Cluster_Hierarchical,PCA1,PCA2
0,61500.0,1.0,9.0,2.02,0.4972,4.28,1.017,18.334177,4099218.0,78114816000.0,0.22258,-0.217,0.91850996,0,-1,0,-24252201881.629913,-1462013.5268394565
1,12700.0,5.0,10.0,2.07,0.35810003,1.72,1.177,16.120392,1395768.0,9416937472.0,0.20364,-0.181,0.28627002,0,-1,0,-92950080459.10777,-2177217.6731893686
2,114000.0,7.0,6.0,1.8,0.288,1.66,0.693,25.352715,6767804.0,226883747840.0,0.2554,4.794,0.30906,0,-1,0,124516729973.304,-3099054.4578439672
3,55000.0,4.0,7.0,3.2,2.5941,4.04,0.598,16.924154,6232826.0,363153883136.0,0.47428,0.0,0.62292,3,-1,2,260786865196.73853,-7577871.209643707
4,801000.0,1.0,2.0,1.95,0.45669997,1.36,1.239,21.629707,3205095.0,190652383232.0,0.17066999,0.072,0.26965,0,-1,0,88285365277.47783,-5613500.919095006
5,30709.0,1.0,2.0,0.0,0.0,0.12,1.37,18.769342,3795680.0,164389601280.0,0.3932,2.044,0.47284,0,-1,0,62022583353.44652,-4262461.578982802
6,28000.0,7.0,5.0,0.0,0.0,0.0,1.736,20.239216,38178439.0,167265943552.0,0.19973,-0.297,0.02893,0,-1,0,64898926619.33403,30037048.99193302
7,9100.0,4.0,4.0,5.62,0.2911,3.26,0.931,6.1133003,15315993.0,8834691072.0,0.26714,0.0,0.10055,0,-1,0,-93532326455.99068,11759858.553147256
8,12694.0,3.0,7.0,2.11,0.2077,2.34,0.926,15.3138075,1908357.0,59930484736.0,0.35156,6.544,0.22639999,0,-1,0,-42436533201.428795,-3126568.398876353
9,17900.0,7.0,7.0,0.85,0.2193,0.65,1.111,20.653097,1850547.0,33268670464.0,0.27583,-0.059,0.20614,0,-1,0,-69098347463.93452,-2412747.017444593
10,23000.0,8.0,1.0,2.45,0.4097,2.27,0.869,20.625969,1499795.0,65023057920.0,0.35981,0.015,0.22396,0,-1,0,-37343960031.38447,-3682522.1831811424
11,7300.0,9.0,10.0,0.0,0.0,0.0,1.108,26.82,5112670.0,74989527040.0,0.23275,0.0,0.31948,0,-1,0,-27377490810.99872,-358085.00498354016
12,10700.0,6.0,4.0,0.0,0.0,0.0,0.676,11.983534,2606650.0,12032956416.0,0.27962,-0.105,0.10657,0,-1,0,-90334061481.15886,-1042046.4619107405
13,8300.0,5.0,7.0,2.24,0.5797,1.14,1.704,39.233696,2529126.0,8493225984.0,-0.00169,0.0,-0.11432,0,-1,0,-93873791913.9204,-1017124.0654917238
14,552.0,7.0,8.0,5.52,2.8832998,3.32,1.193,27.790697,1273572.0,16547595264.0,0.62756,0.0,0.02269,0,-1,0,-85819422673.63274,-2505780.02983067
15,20945.0,3.0,8.0,0.0,0.0,0.0,1.688,15.517544,993475.0,11717474304.0,0.2052,-0.147,0.112629995,0,-1,0,-90649543639.71298,-2646095.6486647874
16,14400.0,8.0,6.0,1.59,0.28149998,1.33,1.116,16.468548,946275.0,11070194688.0,0.23774,0.234,0.42391,0,-1,0,-91296823256.80898,-2674559.240059573
17,2998.0,5.0,2.0,3.19,0.71379995,3.12,0.536,19.684212,1873400.0,16320478208.0,0.42753,0.235,0.10014,0,-1,0,-86046539712.17723,-1899380.154603975
18,55000.0,8.0,3.0,1.94,0.2166,2.39,0.464,10.8486595,1905675.0,54714617856.0,0.10572,0.282,0.23586,0,-1,0,-47652400079.31513,-2978315.471455561
19,183323.0,8.0,10.0,0.52,0.0746,0.0,1.025,17.22433,30147947.0,1890789490688.0,0.36997002,0.309,0.32908002,2,-1,3,1788422472801.0942,-27874936.084268413
20,183323.0,0.0,0.0,0.51,0.0746,0.0,1.025,17.436872,19522122.0,1890791718912.0,0.36997002,0.309,0.32908002,2,-1,3,1788424700717.565,-38500824.34787106
21,6200.0,6.0,2.0,7.02,0.6116,8.02,0.606,10.86916,8760640.0,98311880704.0,0.6059,0.539,0.0,0,-1,0,-4055137051.1886444,2614900.3530166843
22,1556000.0,2.0,9.0,0.0,0.0,0.0,1.192,31.336586,39223075.0,2042388676608.0,0.18882999,0.846,0.24290001,2,-1,3,1940021658920.4697,-23187980.324383322
23,41000.0,9.0,7.0,5.29,0.91199994,4.44,0.811,12.202532,22060875.0,13933078528.0,0.14084,0.228,0.20721,0,-1,0,-88433938806.9131,18357169.32194069
24,8981.0,3.0,7.0,2.85,0.6063,2.81,0.493,20.264227,1754577.0,26934753280.0,0.43706,0.288,0.100080006,0,-1,0,-75432264648.0607,-2325399.4370590793
25,16330.0,4.0,2.0,3.48,0.6398,3.57,0.492,18.159594,3876690.0,57115357184.0,0.39671,0.97,0.113859996,0,-1,0,-45251660695.28243,-1076763.251543757
26,75100.0,3.0,4.0,1.24,0.1999,1.25,1.212,17.558203,2788734.0,186130694144.0,0.0,0.157,0.34735,0,-1,0,83763676179.20534,-5898649.3680959605
27,22200.0,5.0,6.0,1.91,0.3833,2.58,1.0,12.461997,4841101.0,49614508032.0,0.28952998,11.526,0.057540003,0,-1,0,-52752509816.22836,104730.92338199914
28,4691.0,4.0,1.0,3.15,1.1838,2.51,0.861,31.746687,2513127.0,100765024256.0,0.65540004,13.388,0.31768,0,-1,0,-1601993681.0294495,-3703608.947332725
29,6700.0,9.0,2.0,2.09,0.5571,1.76,0.681,25.656141,1446588.0,28518410240.0,0.54099,0.391,0.10443,0,-1,0,-73848607697.63803,-2679220.7740744334
30,13600.0,4.0,6.0,1.23,0.1752,1.71,1.326,12.483044,537527.0,46203428864.0,0.0,1.966,0.68314004,0,-1,0,-56163589107.35349,-4100116.587166438
31,21500.0,6.0,8.0,0.73,0.1889,0.63,1.147,23.341095,1301060.0,39316983808.0,0.31154,0.129,0.1497,0,-1,0,-63050034138.370155,-3137283.1604677085
32,28000.0,8.0,3.0,3.1,1.1905,2.99,0.524,14.850025,3114704.0,164895080448.0,0.45348,-0.187,0.67553,0,-1,0,62528062501.52583,-4958065.546031536
33,125000.0,7.0,9.0,0.99,0.2865,0.93,1.258,30.828701,8048654.0,80645808128.0,0.25456,0.438,0.26709998,0,-1,0,-21721209640.37674,2414140.785917016
34,24000.0,7.0,9.0,1.96,1.1757,1.76,1.072,26.732096,3706008.0,99968917504.0,0.44028,-0.161,0.04429,0,-1,0,-2398100398.1690216,-2487696.7856912864
35,6500.0,2.0,3.0,0.0,0.0,0.0,1.109,28.782017,501306.0,27775979520.0,0.33816,0.019,0.10032,0,-1,0,-74591038444.6851,-3603015.4835384837
36,60000.0,4.0,8.0,0.68,0.21139999,0.77,0.923,22.688326,1144411.0,85223186432.0,0.32329,0.331,0.9564,0,-1,0,-17143831538.124191,-4622546.629428302
37,2305.0,5.0,9.0,4.78,0.4405,2.74,3.27,7.6072726,7671745.0,7616219136.0,0.59428,-0.835,0.22242,0,-1,0,-94750798612.71834,4150879.1404688586
38,5108.0,8.0,9.0,1.35,0.248,2.98,1.647,16.150946,3602329.0,78132944896.0,0.0,-0.459,0.22670001,0,-1,0,-24234073000.027298,-1959400.122909103
39,150000.0,7.0,1.0,0.46,0.1571,0.59,1.178,26.221418,52255319.0,3273315581952.0,0.34706002,0.101,1.3652,1,-1,1,3170948564125.88,-45779979.92959639
40,36000.0,3.0,1.0,1.27,0.19870001,0.9,1.619,14.970073,6772867.0,117852692480.0,0.30688998,-0.398,0.35186002,0,-1,0,15485674659.10263,61572.18471035408
41,141000.0,5.0,6.0,0.0,0.0,1.16,1.785,8.680515,3569286.0,13902133248.0,0.15558,-0.648,0.17297001,0,-1,0,-88464884622.06062,-133569.8660128247
42,7200.0,5.0,4.0,0.0,0.0,0.0,0.603,10.515487,1837157.0,35715563520.0,0.27844,-0.605,0.22014,0,-1,0,-66651454409.34858,-2496948.7327108565
43,42383.0,10.0,9.0,4.26,0.5479,2.64,0.662,9.441814,4603324.0,22985066496.0,0.03581,0.103,0.07587,0,-1,0,-79381951347.9538,637641.2313999487
44,4412.0,2.0,10.0,0.0,0.0,0.0,1.079,8.010278,10560157.0,98291695616.0,0.42693,0.295,0.33137,0,-1,0,-4075322087.0995483,4415002.18994689
45,56000.0,6.0,7.0,0.76,0.3692,1.18,0.755,30.20922,1684378.0,87144267776.0,0.33216,0.0,0.09488,0,-1,0,-15222750179.30191,-4138176.8204824636
46,14200.0,1.0,2.0,1.55,0.2047,1.82,0.606,11.512835,435565.0,10478876672.0,0.106350005,0.134,0.15332,0,-1,0,-91888141287.34213,-3168155.4334396264
47,140990.0,5.0,1.0,3.94,0.745,7.04,0.705,12.580358,41397252.0,202281123840.0,0.35929,0.884,0.10226,0,-1,0,99914106985.84465,32242414.356010687
48,5260.0,9.0,8.0,2.28,0.4706,2.47,0.664,21.352943,894619.0,24199671808.0,0.50028,0.074,0.09009,0,-1,0,-78167346143.80435,-3106198.094609644
49,15300.0,10.0,3.0,0.0,0.0,0.48,1.509,28.5,1633927.0,55727190016.0,0.23372999,0.069,0.49687,0,-1,0,-46639827927.61039,-3279349.808763005
50,64000.0,1.0,1.0,2.05,0.5985,2.01,0.777,27.675253,1774086.0,122398998528.0,0.29439,0.103,0.83716005,0,-1,0,20031980560.530228,-5068798.739848205
51,75600.0,4.0,5.0,0.0,0.0,0.0,0.71,21.63263,124504.0,63083929600.0,0.23113,-0.021,0.0,0,-1,0,-39283088390.36705,-5001716.879246034
52,2928.0,4.0,5.0,3.28,0.8947,3.4,1.013,38.552345,657044.0,30382825472.0,0.61168,0.163,0.09122,0,-1,0,-71984192489.27017,-3522721.9168210365
53,35000.0,8.0,8.0,2.0,0.3952,1.59,0.861,16.708174,703655.0,13879854080.0,0.16225,0.224,0.31751,0,-1,0,-88487163873.00424,-2998504.9439593563
54,4100.0,7.0,9.0,0.0,0.0,0.0,1.123,86.282265,811544.0,41545023488.0,0.060149997,1.225,0.19122,0,-1,0,-60821994473.47348,-3691273.6570532424
55,57000.0,3.0,3.0,2.14,0.28190002,2.95,1.287,16.762648,7542185.0,42654027776.0,0.16525999,1.745,0.18469,0,-1,0,-59712989991.13386,3007244.927916122
56,16000.0,7.0,8.0,1.55,0.5839,1.11,0.991,14.577904,2607462.0,14531223552.0,0.15286,0.0,0.08805,0,-1,0,-87835794346.18083,-1113540.6913105436
57,213000.0,5.0,3.0,2.52,0.31149998,2.45,1.331,11.270492,38066122.0,313615515648.0,0.0,1.427,0.09241,3,-1,0,211248498650.8186,25689061.871602792
58,38000.0,3.0,2.0,2.01,4.64,2.09,0.603,11.71875,4781222.0,17311184896.0,0.17723,0.0,-0.042090002,0,-1,0,-85055832940.4295,979752.1625180603
59,70000.0,5.0,2.0,1.75,0.65489995,1.41,0.379,14.4628105,2012426.0,65323212800.0,0.26628,0.083,0.06835,0,-1,0,-37043805136.66629,-3178600.7094982187
61,85000.0,3.0,1.0,5.24,0.8785,3.59,1.452,10.592105,3034662.0,15313756160.0,0.06261,-0.744,0.31633,0,-1,0,-87053261726.13368,-709021.5034523015
62,3100.0,6.0,5.0,0.54,0.32650003,0.41,1.295,26.81735,1546395.0,9284508672.0,0.2588,0.294,0.07825,0,-1,0,-93082509254.69446,-2022753.3969930266
63,7605.0,6.0,2.0,0.0,0.0,0.0,0.012,8.305522,1554888.0,20253908992.0,0.3096,0.063,0.10358,0,-1,0,-82113108939.04216,-2331733.856129748
64,21100.0,4.0,9.0,2.2,0.48560002,2.41,1.303,19.28106,891260.0,146978013184.0,0.40217,0.163,0.14376001,0,-1,0,44610995180.67873,-6662958.5277461335
65,4895.0,9.0,10.0,2.86,0.953,3.43,1.541,23.689537,3823954.0,168309129216.0,0.0,3.545,0.28947002,0,-1,0,65942111288.619095,-4347612.372020018
66,51800.0,1.0,1.0,2.27,0.3069,2.93,1.051,12.666156,4249111.0,59383631872.0,0.0,6.414,0.109910004,0,-1,0,-42983385997.448296,-770006.647339738
67,172000.0,10.0,10.0,0.0,0.0,2.48,1.526,368.7447,8284959.0,130399649792.0,-0.12302,0.0,0.0,0,-1,0,28032632009.631836,1210470.6126922541
68,24057.0,3.0,1.0,0.83,0.2027,0.0,1.404,22.083584,277277.0,152073519104.0,0.34458,4.091,0.0,0,-1,0,49706501080.77544,-7424414.644397205
69,53000.0,10.0,8.0,0.0,0.0,0.0,0.774,35.612904,6979018.0,146960384000.0,0.25503,0.12,0.08889,0,-1,0,44593366172.88075,-574706.3011407983
70,34100.0,10.0,4.0,4.13,0.5984,3.5,0.436,8.537695,11529270.0,122126295040.0,0.4018,-0.959,-0.38946998,0,-1,0,19759277354.970444,4694290.922800256
71,37000.0,2.0,9.0,1.4,1.0046,2.56,1.03,27.410048,30415491.0,795193769984.0,0.52891,1.881,0.14845,3,-1,2,692826752563.6735,4100901.4953118446
72,14600.0,4.0,6.0,1.48,0.5258,1.61,1.063,25.402138,513606.0,27793182720.0,0.24535999,1.034,0.35341,0,-1,0,-74573835244.33504,-3591217.2537633087
73,17403.0,8.0,4.0,0.49,0.15609999,0.66,0.856,30.056234,1668781.0,35235180544.0,0.33870998,-0.219,0.16678,0,-1,0,-67131837390.01883,-2651426.5814826926
75,29000.0,6.0,8.0,0.0,0.0,0.0,2.197,10.687554,1672732.0,14146951168.0,0.13153,-0.419,0.23877001,0,-1,0,-88220066757.07042,-2037155.380371099
76,23000.0,8.0,2.0,3.56,0.3382,2.82,0.65,8.21828,1722247.0,10239174656.0,0.03824,0.04,0.10438,0,-1,0,-92127843266.00166,-1874540.454324309
77,816.0,7.0,10.0,5.79,43.5556,4.95,1.214,36.192513,1339631.0,11943558144.0,0.56108004,0.0,0.01044,0,-1,0,-90423459789.79257,-2306473.255823131
78,13781.0,1.0,9.0,2.45,0.6373,2.4,0.835,21.245796,1305965.0,11956295680.0,0.04305,3.741,0.29655,0,-1,0,-90410722254.77019,-2340514.1090304796
79,12700.0,1.0,3.0,0.0,0.0,0.0,1.053,37.472992,2078393.0,70413656064.0,0.34173,0.041,0.26133,0,-1,0,-31953361872.898254,-3259931.5064746886
80,50000.0,3.0,7.0,0.0,0.0,0.0,2.968,19.156715,5076200.0,5442373632.0,0.32005,0.0,-0.04639,0,-1,0,-96924644190.91953,1618226.0116008515
81,1660.0,5.0,8.0,3.43,2.7467,3.23,0.958,75.49383,917878.0,13306118144.0,0.56815,-0.817,0.03487,0,-1,0,-89060899802.56932,-2767661.191593915
82,14400.0,9.0,5.0,3.93,0.8671,3.15,0.143,11.648094,3329801.0,11843789824.0,0.1852,-0.147,0.13423,0,-1,0,-90523228052.14987,-313422.54658858664
83,52600.0,9.0,5.0,1.38,0.20729999,1.74,1.476,11.081099,3887191.0,66454876160.0,0.0,0.6,0.07987,0,-1,0,-35912141722.884315,-1336579.6633385206
84,47922.0,10.0,1.0,1.48,0.3757,2.88,0.677,15.791666,2374919.0,32959539200.0,0.01345,0.1,0.0,0,-1,0,-69407478712.62408,-1879442.7315921008
85,29836.0,6.0,9.0,0.0,0.0,0.0,1.762,20.156498,1864240.0,11687261184.0,0.03569,0.565,0.075219996,0,-1,0,-90679756734.49756,-1774460.5957448331
86,115000.0,9.0,9.0,0.0,0.0,4.21,2.669,11.552326,23098832.0,26921070592.0,0.25106,0.0,0.2587,0,-1,0,-75445946718.30077,19019198.29349153
87,48000.0,6.0,4.0,1.42,0.8074,0.0,1.229,20.832237,5613513.0,54716358656.0,0.15841,4.811,0.103590004,0,-1,0,-47650659172.00615,729475.0744044562
88,112900.0,8.0,5.0,1.71,0.2458,2.08,1.138,14.884425,2476063.0,157569400832.0,0.24142,0.096,0.55327,0,-1,0,55202382870.12425,-5384730.735454989
89,1685.0,5.0,3.0,1.13,0.32729998,1.44,0.661,24.257078,795385.0,23315040256.0,0.31884,-0.065,0.1851,0,-1,0,-79051977698.30643,-3179827.7736146273
90,140000.0,1.0,3.0,0.0,0.0,0.0,1.42,21.576668,1878739.0,38842789888.0,0.06014,0.026,0.113479994,0,-1,0,-63524228041.43364,-2545937.1152427215
91,15100.0,1.0,3.0,1.55,0.3118,1.12,1.004,15.959486,1345288.0,21398781952.0,0.09295999,-0.098,0.49043998,0,-1,0,-80968235985.58662,-2574471.8063112907
92,46000.0,6.0,6.0,0.8,0.295,1.24,0.503,16.822126,1565627.0,53311750144.0,0.01377,-0.161,1.98149,0,-1,0,-49055267800.57056,-3277757.9721651245
93,60500.0,1.0,1.0,0.0,0.0,0.0,0.397,8.528409,4481601.0,29783443456.0,0.04205,6.337,0.12557,0,-1,0,-72583574394.32108,319154.08860263135
94,8872.0,2.0,5.0,2.43,0.5127,2.96,0.904,20.833334,4432657.0,23661352960.0,0.38516998,0.267,0.10023,0,-1,0,-78705664889.18178,447417.5412138342
95,2800.0,8.0,3.0,2.58,0.2967,2.35,0.979,12.522654,2653019.0,12882881536.0,0.44643003,0.316,0.18503,0,-1,0,-89484136360.17409,-1020271.8201757921
96,18700.0,10.0,8.0,0.0,0.0,0.0,1.448,15.131324,1146304.0,7955076096.0,0.22178,0.0,0.0070599997,0,-1,0,-94411941841.71445,-2384376.005519937
97,32100.0,6.0,10.0,1.39,0.3344,1.36,0.978,20.476315,11244775.0,141113884672.0,0.0,0.846,0.13303,0,-1,0,38746866970.78395,3860266.8965700823
98,94500.0,4.0,10.0,0.0,0.0,0.0,1.135,10.313583,1177257.0,52406005760.0,0.39748,0.426,0.34004003,0,-1,0,-49961012195.42351,-3639937.535980669
99,45298.0,8.0,1.0,4.12,0.67080003,4.43,1.062,15.044384,7966924.0,292418060288.0,0.20495,0.515,0.11266,3,-1,0,190051042428.5503,-3796565.364550148
100,130504.0,5.0,3.0,0.0,0.0,0.0,1.274,38.09924,12013244.0,67645022208.0,0.20226999,0.166,0.45673,0,-1,0,-34721995440.1892,6754990.410929102
101,43000.0,9.0,8.0,1.23,0.15810001,1.71,0.674,12.5556965,1778360.0,118784696320.0,0.21141,-0.213,0.14597,0,-1,0,16417678354.164307,-4959911.217396688
102,5750.0,5.0,5.0,1.08,0.4789,1.14,0.565,29.25201,1554672.0,26853062656.0,0.22472,0.226,0.14247,0,-1,0,-75513955277.81258,-2522938.613453526
103,71295.0,1.0,5.0,1.86,0.462,1.19,0.533,10.378034,1768718.0,88120942592.0,0.04632,0.468,0.086260006,0,-1,0,-14246075361.267578,-4082110.629824229
104,5624.0,5.0,9.0,2.39,0.22299999,2.56,0.674,19.856754,814701.0,22788034560.0,0.26824,-0.658,0.17608,0,-1,0,-79578983393.52603,-3145261.3089684458
105,46500.0,7.0,9.0,0.77,0.3498,0.96,1.407,43.42308,1796850.0,82033614848.0,0.26313,0.177,0.40296,0,-1,0,-20333403101.907852,-3877790.132742256
106,90400.0,6.0,4.0,2.69,0.7018,3.04,0.776,15.605128,20889663.0,242118721536.0,0.26929,-0.061,0.20019,0,-1,0,139751704071.6289,10581890.677879503
107,226710.0,1.0,1.0,3.18,0.3664,3.78,1.416,9.781641,15637667.0,132372316160.0,0.0,0.0,0.06176,0,-1,0,30005298589.613647,8506059.550977
108,17287.0,3.0,9.0,4.17,0.5545,4.58,1.324,10.400517,4271168.0,17594644480.0,0.0,1.458,0.0621,0,-1,0,-84772373371.31332,461504.39172076853
109,7400.0,8.0,6.0,3.34,1.3188001,2.88,0.443,20.065844,1447900.0,18020233216.0,0.17432,1.056,2.7610598,0,-1,0,-84346784717.20308,-2374075.736662222
110,3760.0,1.0,10.0,4.12,1.0755,3.37,0.547,25.286404,2139749.0,94499635200.0,0.69825,0.072,0.13249,0,-1,0,-7867382745.21167,-3895656.472384104
111,8324.0,2.0,2.0,2.93,0.6186,2.93,0.349,20.72067,2297157.0,22188351488.0,0.35955003,-0.161,0.11225,0,-1,0,-80178666422.36977,-1645451.0242555363
112,69700.0,4.0,3.0,2.9,0.7886,3.02,0.575,23.693604,17813924.0,302842216448.0,0.32672,0.115,0.39549,3,-1,0,200475198869.1764,5748730.710910898
113,336800.0,1.0,2.0,1.63,0.26610002,1.47,1.118,15.210422,3863988.0,37541355520.0,0.1783,-0.012,0.16211,0,-1,0,-64825662351.40077,-523117.1464100345
114,34000.0,3.0,2.0,2.24,0.5641,2.3,0.392,24.046633,5113022.0,75284815872.0,0.24153,0.034,4.06262,0,-1,0,-27082201979.107925,-366291.91297516087
115,182000.0,10.0,10.0,3.6,0.22459999,2.46,1.006,8.36073,27196090.0,138460938240.0,0.30793,0.543,0.18707001,0,-1,0,36093921001.57588,19888288.567395173
116,18500.0,4.0,9.0,5.27,1.3592,3.71,0.173,9.869888,5894454.0,12672845824.0,0.19042999,-0.013,0.055159997,0,-1,0,-89694171978.27124,2227234.038545311
117,11800.0,3.0,6.0,3.05,0.3995,2.7,1.129,12.748445,8313329.0,130253545472.0,0.43061,-0.247,0.16209,0,-1,0,27886527690.48848,1243145.8656413653
118,15097.0,9.0,4.0,3.13,0.6336,3.67,0.285,19.354092,2723616.0,38403641344.0,0.35645,-0.079,0.08442,0,-1,0,-63963376560.81759,-1688290.7216884962
119,10600.0,6.0,8.0,2.2,1.0453,1.46,0.892,12.112063,2787068.0,33212108800.0,0.38442,0.228,0.08326,0,-1,0,-69154909100.80757,-1474585.6455353927
120,14215.0,3.0,6.0,0.76,0.118599996,0.0,0.884,22.948605,4734211.0,64350744576.0,0.29587,0.0,0.30115,0,-1,0,-38016273281.49507,-428644.56475363066
121,16000.0,8.0,6.0,0.0,0.0,0.02,1.023,20.531862,1818359.0,16750396416.0,0.28156,0.271,0.05251,0,-1,0,-85616621505.9482,-1966869.8727042638
122,13086.0,10.0,8.0,0.0,0.0,0.0,1.304,31.695402,4214414.0,53280030720.0,0.40605,0.212,0.19184999,0,-1,0,-49086987147.90236,-628037.4951766026
123,56300.0,6.0,7.0,2.44,1.9310001,2.9,1.019,19.852814,5849654.0,39291793408.0,0.20864001,0.0,0.051620003,0,-1,0,-63075224406.71038,1412022.6869649473
124,11200.0,10.0,8.0,0.0,0.0,0.0,1.257,15.630749,464495.0,24354938880.0,0.53006,-0.011,0.31228,0,-1,0,-78012079084.31693,-3540818.559291798
125,22000.0,8.0,4.0,1.11,0.541,1.2,0.79,19.021807,3452303.0,41704894464.0,0.18802,0.0,0.035,0,-1,0,-60662123421.10974,-1055150.451309417
126,6593.0,1.0,4.0,0.0,0.0,0.0,0.931,70.8125,3203286.0,33450022912.0,0.055409998,-0.382,0.01863,0,-1,0,-68916994976.86183,-1065251.3731702534
127,333000.0,6.0,1.0,0.5,0.2709,0.66,0.805,47.23882,2150419.0,412474343424.0,0.04572,0.026,0.32894,3,-1,2,310107325345.97504,-13087820.864514703
128,915.0,7.0,7.0,3.07,0.56,4.33,0.242,12.287554,6660531.0,21876068352.0,0.61518,-0.278,0.08565,0,-1,0,-80490949431.95706,2726963.977249568
129,10118.0,2.0,10.0,0.0,0.0,0.0,1.193,83.63232,4028770.0,88517918720.0,0.02568,0.0,-0.00587,0,-1,0,-13849099168.034058,-1833518.671484037
130,3900.0,6.0,5.0,6.04,2.2199001,4.27,0.906,38.656715,3344916.0,45110652928.0,0.6049,0.0,-1.24936,0,-1,0,-57256364961.646996,-1261096.6475936875
131,23500.0,10.0,4.0,1.79,0.2682,1.28,1.245,14.339902,14445539.0,54865072128.0,0.48652,-0.148,0.28336,0,-1,0,-47501945444.45924,9557207.80129261
132,69600.0,10.0,6.0,2.32,0.2467,2.52,1.005,13.944049,874232.0,43171778560.0,0.14199,0.0,0.38356,0,-1,0,-59195239400.33003,-3675697.8450969635
133,219000.0,5.0,2.0,3.96,0.7268,3.08,0.531,10.361111,11168577.0,84650115072.0,0.03404,-0.178,0.0602,0,-1,0,-17716902607.74318,5418127.583288329
134,61000.0,8.0,7.0,0.62,0.2042,0.37,0.849,24.56444,4298736.0,147275382784.0,0.31439,0.035,0.075679995,0,-1,0,44908364879.17842,-3264108.3748733937
135,191105.0,6.0,1.0,2.73,0.62049997,2.84,1.272,19.42519,1220039.0,24030365696.0,0.15773,0.055,0.48222,0,-1,0,-78336652246.28554,-2775967.2157014795
136,76000.0,3.0,1.0,0.0,0.0,0.0,0.989,13.329192,888673.0,12017600512.0,0.20902,0.909,0.5174,0,-1,0,-90349417434.863,-2759610.1342130126
137,9600.0,10.0,9.0,0.0,0.0,0.0,1.332,26.384615,1900967.0,9228257280.0,0.13653,-0.794,0.00732,0,-1,0,-93138760636.40797,-1666556.5511436374
138,4800.0,3.0,3.0,0.0,0.0,0.0,1.099,17.54088,3089959.0,16931906560.0,0.24905,0.19,0.39797002,0,-1,0,-85435111325.22385,-700517.8343232437
139,35200.0,7.0,7.0,1.39,0.26709998,1.27,1.024,20.988272,1413813.0,126291656704.0,0.21066,-0.488,0.27745,0,-1,0,23924638724.4684,-5541717.4049852835
140,108000.0,5.0,10.0,2.28,0.27899998,0.0,0.899,9.818086,8129518.0,64403746816.0,0.101789996,0.269,0.0,0,-1,0,-37963270943.236595,2965083.133040697
141,103000.0,7.0,3.0,1.37,0.0938,2.3,1.343,6.245014,9994937.0,28318973952.0,0.13311,-0.593,0.26191,0,-1,0,-74048043738.13606,5874853.083427878
142,2300.0,4.0,2.0,2.61,0.318,5.18,1.954,8.242152,9500001.0,23840843776.0,0.48705003,-0.461,0.21857001,0,-1,0,-78526173926.60088,5509569.366711989
143,10200.0,3.0,4.0,0.0,0.0,0.0,1.288,33.369457,3856516.0,26561327104.0,0.20275,-0.391,0.27628002,0,-1,0,-75805690763.07059,-212653.73620360158
144,1983.0,3.0,3.0,3.94,0.5338,4.05,1.831,10.760928,2507388.0,45598531584.0,0.73203003,-0.314,0.1292,0,-1,0,-56768486330.09105,-2112743.5902922675
145,3936.0,2.0,7.0,3.43,3.0310998,3.45,0.676,117.43802,2466006.0,48708898816.0,0.44414002,14.865,0.02664,0,-1,0,-53658119100.59109,-2244145.3280810034
146,21000.0,10.0,8.0,1.76,0.158,2.24,1.448,12.508274,1936103.0,39937257472.0,0.0,2.51,0.28202,0,-1,0,-62429760456.250854,-2520191.6668985635
147,194200.0,8.0,9.0,2.74,0.4618,1.26,0.44,13.842444,3848781.0,18937436160.0,0.07171,-0.522,0.15890001,0,-1,0,-83429581704.07198,170.20393423782662
148,64434.0,2.0,2.0,0.0,0.0,0.0,0.909,12.004951,3660067.0,15647289344.0,0.11611,0.0,0.18466999,0,-1,0,-86719728524.17644,-93259.68247778155
149,14700.0,3.0,3.0,4.86,1.2136,4.48,0.584,16.26923,4761604.0,46863302656.0,0.4992,0.0,0.06489,0,-1,0,-55503715193.378075,104861.63745102705
150,6400.0,7.0,9.0,1.56,0.36189997,1.04,1.063,25.34694,649842.0,15334874112.0,0.19865999,0.301,0.0,0,-1,0,-87032143843.17564,-3094414.747058951
151,23700.0,8.0,9.0,0.0,0.0,0.0,1.703,102.58989,5564645.0,76713730048.0,0.027509999,0.0,0.016,0,-1,0,-25653287790.63733,43980.99934149301
152,24000.0,4.0,3.0,1.18,0.2032,1.41,1.241,18.560041,929224.0,23937878016.0,0.21028,3.939,0.23216,0,-1,0,-78429139934.69019,-3064025.3648042865
153,36000.0,1.0,4.0,8.15,1.7833999,5.45,1.159,11.048232,7331929.0,24250050560.0,0.118030004,0.0,0.06499,0,-1,0,-78116967205.51437,3329638.3934571375
154,14766.0,8.0,7.0,1.27,0.092,0.95,1.806,7.9089766,3624960.0,40421244928.0,0.16555999,-0.074,0.19167,0,-1,0,-61945772951.5763,-845339.2146164421
155,9500.0,9.0,6.0,3.19,0.613,3.35,0.601,18.941748,1293831.0,28340733952.0,0.26652,-0.302,0.123380005,0,-1,0,-74026283989.9842,-2826836.873549008
156,26413.0,2.0,2.0,3.5,0.7263,4.04,0.465,18.834385,3743904.0,92784205824.0,0.47956002,0.196,0.09077,0,-1,0,-9582812074.06276,-2241865.351455185
157,24000.0,7.0,6.0,2.22,0.8588,1.93,1.28,16.863325,2482365.0,30948165632.0,0.24754,0.0,0.03207,0,-1,0,-71418852276.67584,-1713773.0383843558
158,14000.0,6.0,8.0,3.81,0.425,3.25,1.451,10.005748,1088749.0,10050793472.0,0.20166,0.079,0.15955,0,-1,0,-92316224468.25867,-2502582.0273350948
159,94443.0,3.0,3.0,1.52,0.39580002,1.95,1.084,22.752697,3641450.0,107411308544.0,0.22486,0.043,0.20201999,0,-1,0,5044290636.856796,-2767682.768266038
160,11500.0,6.0,4.0,1.73,0.2734,1.64,1.442,12.865902,5204778.0,31296561152.0,0.25070998,-0.003,0.34291,0,-1,0,-71070456678.03271,998562.5365976556
161,48000.0,5.0,5.0,1.04,0.3202,1.05,1.144,33.267998,1359185.0,70769262592.0,0.22905001,0.0,0.25287,0,-1,0,-31597755365.856583,-3989448.139716965
162,14013.0,2.0,1.0,5.69,0.9569,4.33,0.88,10.207018,5632380.0,22400696320.0,0.36337003,-0.107,0.07197,0,-1,0,-79966321493.93105,1683623.2793219932
163,15800.0,9.0,4.0,0.0,0.0,0.0,1.123,28.942858,4482506.0,41535889408.0,0.30074,0.071,0.16636999,0,-1,0,-60831128447.224205,-20053.332821424585
164,13700.0,8.0,3.0,0.53,0.1934,0.0,0.783,16.910904,4069386.0,37594144768.0,0.25806,0.037,0.14038,0,-1,0,-64772873097.530014,-319092.13264086656
165,104200.0,1.0,1.0,1.58,0.2539,1.18,0.865,12.360515,1620842.0,98216067072.0,0.05574,-0.502,0.14774,0,-1,0,-4150950889.7701416,-4522170.794992861
166,73000.0,2.0,8.0,1.94,0.5923,2.33,1.351,17.189873,2998967.0,61262098432.0,0.26934,3.199,0.07704,0,-1,0,-41104919474.41284,-2074526.371368976
167,2781.0,6.0,10.0,0.0,0.0,0.0,2.12,16.844263,4069632.0,8166837248.0,0.122559994,2.48,0.11302,0,-1,0,-94200180605.19984,532830.5933383009
168,12267.0,5.0,2.0,2.84,0.9367,3.76,0.668,10.905685,4123290.0,36361465856.0,0.42499,-0.716,0.069520004,0,-1,0,-66005552007.4539,-229511.8304503248
169,3150.0,5.0,3.0,3.08,0.3236,2.51,1.26,11.445749,3354842.0,70121488384.0,0.53518003,-0.348,0.22294001,0,-1,0,-32245529515.834915,-1975022.2953735744
170,61200.0,6.0,9.0,0.0,0.0,0.0,1.608,15.096515,681327.0,9610105856.0,0.14656,0.083,0.12798999,0,-1,0,-92756912095.858,-2897272.4233583286
171,0.0,9.0,3.0,1.19,1.4,0.49,1.119,21.035713,8292614.0,31670347776.0,0.49716,-0.386,0.0124,0,-1,0,-70696669964.82414,4075585.732672877
172,14700.0,1.0,6.0,0.65,0.3223,0.75,1.647,25.539852,1056100.0,29806688256.0,0.30934,0.314,0.12642999,0,-1,0,-72560329693.47766,-3106997.3080762094
173,13606.0,9.0,4.0,2.34,2.0047,1.69,0.734,60.014946,625406.0,78157594624.0,0.4149,0.0,0.062459998,0,-1,0,-24209423358.193237,-4937040.253320081
174,2500.0,4.0,6.0,3.88,0.9926,3.73,0.933,42.236683,1646596.0,27935918080.0,0.61267,0.342,0.09247,0,-1,0,-74431099851.60619,-2462352.56627433
175,6715.0,0.0,0.0,1.33,0.45209998,1.8,0.384,30.64627,155306.0,21473370112.0,0.20193,0.373,0.32893002,0,-1,0,-80893647860.0592,-3766608.346769079
176,1712.0,4.0,7.0,3.36,0.8492,3.41,0.92,50.830566,461068.0,21110788096.0,0.63421,2.925,0.14262,0,-1,0,-81256229867.0589,-3450350.3037834186
177,44020.0,10.0,10.0,2.14,4.7143,1.35,1.071,24.229628,3839949.0,23532554240.0,0.15347,0.0,-0.1299,0,-1,0,-78834463626.27614,-141579.601621266
178,3037.0,3.0,5.0,2.21,0.2439,2.24,0.609,5.445915,433657.0,15541714944.0,0.0,0.0,0.10141,0,-1,0,-86825303017.51956,-3316584.4019716345
179,4731.0,7.0,2.0,3.93,0.6847,3.87,0.602,16.799505,2215588.0,15610982400.0,0.44839,0.358,0.090050004,0,-1,0,-86756035509.97633,-1536659.1257575199
180,10680.0,8.0,8.0,4.92,1.2599,3.42,0.617,12.78661,2832668.0,22436050944.0,0.35751,0.0,0.05549,0,-1,0,-79930966950.97458,-1117110.0178753543
181,20014.0,4.0,2.0,3.58,0.6204,3.57,0.58,16.999998,7426819.0,45136531456.0,0.31219,0.033,0.0934,0,-1,0,-57230486315.51838,2820049.1952844854
182,1500.0,1.0,2.0,2.07,1.411,0.0,0.516,26.165096,4229952.0,25815738368.0,0.27941,0.0,-0.05047,0,-1,0,-76551279487.95187,182364.87364478642
183,16500.0,3.0,10.0,0.95,0.0,0.96,1.832,11.706129,2138129.0,21660862464.0,0.13374,1.394,0.43832,0,-1,0,-80706155450.75006,-1789216.5813003266
184,18400.0,10.0,8.0,1.22,0.2552,1.15,0.995,22.254646,1360816.0,16493644800.0,0.103999995,0.554,0.35157,0,-1,0,-85873373135.0823,-2416983.183871929
185,8012.0,3.0,9.0,4.45,1.6078999,3.31,0.918,30.430962,1298837.0,32197863424.0,0.677,0.143,0.05947,0,-1,0,-70169154519.45502,-2933461.414246353
186,61000.0,9.0,7.0,3.36,0.4898,4.89,0.802,14.95934,15902424.0,510846992384.0,0.18878001,-0.099,0.14515,3,-1,2,408479974662.7362,-2182742.7045307825
187,6056.0,4.0,2.0,0.0,0.0,0.0,1.103,17.135065,591750.0,15213289472.0,0.28064,0.216,0.19513,0,-1,0,-87153728484.80606,-3148987.7292185575
188,12598.0,10.0,8.0,0.93,0.29549998,0.87,0.762,24.023554,292678.0,17066343424.0,0.37817,0.03,0.28119,0,-1,0,-85300674542.23674,-3501693.058376423
189,3604.0,7.0,6.0,0.0,0.0,0.09,1.411,49.37423,207237.0,44858404864.0,0.43727002,0.279,0.0,0,-1,0,-57508613116.35089,-4391474.6975849485
190,20958.0,1.0,5.0,2.26,0.78,2.21,1.04,34.78082,3255280.0,43679760384.0,0.22334999,-0.034,0.33039,0,-1,0,-58687257507.63918,-1309328.583256216
191,304.0,7.0,5.0,4.54,1.2807001,4.26,1.293,31.57329,749349.0,8363992576.0,0.62272,-0.015,0.091529995,0,-1,0,-94003025373.37717,-2793156.8150572376
192,306000.0,2.0,7.0,2.28,0.3398,1.63,1.239,10.624616,1860750.0,57913479168.0,0.12517,-0.133,0.14762,0,-1,0,-44453538769.91493,-3115940.714410415
193,50000.0,3.0,5.0,2.17,1.0141001,2.0,1.116,12.898424,3549072.0,39011815424.0,0.26908,0.234,0.04546,0,-1,0,-63355202457.17669,-880453.0357117355
194,18616.0,5.0,6.0,3.81,0.4586,3.8,1.235,10.632876,4810852.0,25793554432.0,0.0,0.196,0.11923,0,-1,0,-76573463407.12766,763898.6413782802
195,8100.0,5.0,7.0,0.0,0.0,0.0,1.517,6.103547,2740257.0,13631133696.0,0.43203,0.127,0.17621,0,-1,0,-88735884197.96182,-954691.9373164256
196,12294.0,8.0,6.0,4.44,0.99120003,4.19,0.466,13.861591,5194659.0,23102484480.0,0.31258,0.486,0.09149,0,-1,0,-79264533346.8936,1225592.3259523339
197,38000.0,5.0,1.0,0.0,0.0,0.0,0.928,21.21001,2961377.0,121311395840.0,0.4387,0.137,0.10899,0,-1,0,18944377907.34369,-3850018.5238489346
198,171000.0,9.0,10.0,7.72,0.53419995,5.76,1.607,5.554286,98051532.0,38652067840.0,0.05982,0.0,0.13448,0,-1,0,-63714947305.95271,93632349.73382282
199,14138.0,2.0,6.0,0.0,0.0,0.0,0.968,40.082985,4536214.0,74282885120.0,0.32264,0.671,3.38742,0,-1,0,-28084132747.385223,-914092.9126386242
200,18000.0,4.0,5.0,0.44,0.1356,0.41,1.212,17.417265,2482681.0,24715259904.0,0.27068,-0.189,0.08118,0,-1,0,-77651758002.05717,-1533064.294705714
201,10200.0,8.0,10.0,0.99,0.1137,1.45,0.679,14.672922,3937157.0,23824295936.0,0.22271,2.574,0.20055,0,-1,0,-78542721927.59038,-52798.85817773035
202,10200.0,0.0,0.0,1.07,0.1137,1.54,0.679,21.497873,1176659.0,23824324608.0,0.22271,2.574,0.20055,0,-1,0,-78542693335.48367,-2813297.369842788
203,10100.0,10.0,7.0,6.64,1.9531,4.66,1.45,7.4153852,4169462.0,10129674240.0,0.19665001,-0.423,0.04018,0,-1,0,-92237343611.13152,575849.5559900682
204,28500.0,6.0,3.0,1.56,0.46150002,3.73,1.869,17.787035,15856900.0,55212224512.0,0.37462002,-0.292,0.15686,0,-1,0,-47154793019.756775,10958519.119104872
205,21800.0,7.0,9.0,1.68,0.4082,2.27,0.974,28.64075,939280.0,41109041152.0,0.28168,-0.201,0.18996,0,-1,0,-61257976805.59116,-3550928.1554878484
206,21044.0,1.0,2.0,0.0,0.0,0.0,1.291,31.70963,577129.0,32129212416.0,0.20883,0.932,1.2292501,0,-1,0,-70237805548.31157,-3653188.7107517365
207,53000.0,9.0,4.0,0.72,0.1839,0.39,1.196,38.145042,5109722.0,213188001792.0,0.23101999,0.21,0.27644,0,-1,0,110820983883.04274,-4360731.100194657
208,53000.0,9.0,7.0,0.17,0.0276,0.0,1.315,17.132763,3071780.0,36588412928.0,0.18330999,0.784,0.25686002,0,-1,0,-65778604965.97484,-1287609.4267181666
210,3400.0,1.0,1.0,1.89,0.4902,2.19,0.919,10.787755,3693634.0,16288835584.0,0.56627,0.173,0.28059,0,-1,0,-86078182283.4834,-78230.77088078484
211,5389.0,1.0,9.0,0.0,0.0,0.0,1.499,15.479902,841332.0,7576343040.0,0.16493,0.369,0.13079001,0,-1,0,-94790674906.38434,-2678380.474788472
212,117000.0,5.0,2.0,2.23,0.41669998,2.31,0.586,16.73383,1678773.0,72746049536.0,0.11721,0.141,0.17444,0,-1,0,-29620968413.424072,-3727104.4948558244
213,34000.0,8.0,6.0,4.06,0.52529997,3.19,0.055,12.576596,5820821.0,32368697344.0,0.21409,-0.043,0.26834,0,-1,0,-69998320468.64888,1583565.4142290694
214,162000.0,6.0,10.0,1.03,0.0754,4.06,1.434,4.4162726,13432065.0,46446694400.0,0.099709995,0.0,0.08906999,0,-1,0,-55920323198.24287,8787308.330551459
215,63000.0,7.0,8.0,3.48,0.6182,2.75,0.944,13.987013,1594801.0,16441503744.0,0.08312,-0.575,0.2062,0,-1,0,-85925514184.28143,-2181510.5422480586
216,17600.0,5.0,2.0,2.83,8.1053,3.98,0.236,15.045761,8495986.0,139360763904.0,0.4679,0.248,0.02286,0,-1,0,36993746123.9615,1162223.1708224886
217,27000.0,4.0,6.0,1.03,0.16229999,0.7,1.047,7.6187496,2024232.0,23977826304.0,0.43562,0.625,0.07026,0,-1,0,-78389191615.01514,-1970175.0935291124
218,3732.0,6.0,5.0,0.83,0.0804,0.83,0.77,9.577122,639670.0,10802418688.0,0.26,0.047,0.21869,0,-1,0,-91564599265.57217,-2973409.2434273437
219,5518.0,10.0,6.0,0.0,0.0,0.0,1.255,26.658718,1463957.0,25285761024.0,0.23361999,-0.824,2.48416,0,-1,0,-77081256911.78163,-2568293.374502577
220,46500.0,2.0,6.0,2.21,0.28370002,2.3,1.362,13.068335,2688242.0,168796274688.0,0.0,1.181,0.11913,0,-1,0,66429256727.55238,-5497442.9179522395
221,48000.0,6.0,3.0,2.71,0.2403,1.98,1.861,7.713846,11657724.0,21763067904.0,0.21813999,-0.041,0.25184,0,-1,0,-80603949735.27536,7727404.2433390245
222,19100.0,6.0,5.0,1.7,0.1865,2.25,0.907,10.527132,1713295.0,34880000000.0,0.16275999,0.153,0.19582,0,-1,0,-67487017932.58149,-2596633.9292066144
223,4985.0,6.0,3.0,4.62,1.0182,3.93,0.492,13.677201,1658509.0,8454183936.0,0.22067,0.0,0.34717998,0,-1,0,-93912833987.10164,-1886609.439649885
224,226000.0,7.0,6.0,0.84,0.12,0.82,1.689,13.937271,1638522.0,84240818176.0,0.19629,-0.05,8.24396,0,-1,0,-18126199779.385834,-4100083.9919531075
225,387.0,1.0,2.0,6.04,3.3332999,5.14,1.118,80.76,4687714.0,14104652800.0,0.53924,-0.951,0.03345,0,-1,0,-88262365037.79883,979064.1641387022
226,25000.0,9.0,6.0,0.0,0.0,0.0,0.902,13.196155,1858959.0,8521026048.0,0.080010004,4.688,0.079679996,0,-1,0,-93845991869.32509,-1688103.5679719124
227,18540.0,8.0,10.0,3.23,0.5018,2.12,0.314,20.22143,1977698.0,34407354368.0,0.30783,1.304,0.50404,0,-1,0,-67959663556.73138,-2318551.6005216483
228,1797.0,7.0,9.0,1.26,0.20879999,1.38,1.219,20.848684,1998606.0,48848867328.0,0.57708,0.307,0.29178,0,-1,0,-53518150602.17736,-2715595.15293564
229,61000.0,8.0,3.0,3.29,0.25,3.32,1.226,7.5190477,17960339.0,20741429248.0,0.16194999,0.534,0.12060001,0,-1,0,-81625588208.43753,14059580.079371102
230,181000.0,3.0,7.0,0.27,0.09770001,0.8,1.293,28.249063,1777024.0,54305148928.0,0.52696997,2.57,0.0,0,-1,0,-48061869010.84685,-3095176.179769543
231,7063.0,8.0,7.0,0.0,0.0,0.0,0.975,12.991526,2434575.0,13841334272.0,0.31669,-0.155,0.15784,0,-1,0,-88525683630.89696,-1266456.9327568484
232,470100.0,3.0,1.0,2.57,0.6036,2.29,1.09,22.958332,3492085.0,356012556288.0,0.15853,0.072,3.8537202,3,-1,2,253645538272.47437,-10112129.851078883
233,102000.0,2.0,6.0,2.15,0.5017,2.01,1.069,19.10445,4272409.0,136703959040.0,0.2477,0.028,0.32244998,0,-1,0,34336941138.85057,-2984501.774649696
234,20000.0,9.0,7.0,3.82,0.8243,2.55,0.21,17.964497,3034655.0,16695359488.0,0.11059,-0.225,0.09523,0,-1,0,-85671658398.72293,-748983.0765462895
235,165.0,4.0,7.0,5.61,0.8081,4.49,1.328,14.71134,8717765.0,10110366720.0,0.2706,-0.2,0.10395,0,-1,0,-92256650999.48978,5124715.582248656
236,23930.0,4.0,3.0,0.31,0.0925,0.0,1.369,40.91167,2857170.0,52527435776.0,0.25357,0.37,0.26889,0,-1,0,-49839582130.86626,-1963505.2815245516
237,58000.0,9.0,1.0,4.15,0.40150002,3.21,1.113,7.75,7035122.0,26301413376.0,0.09158,-0.048,0.0,0,-1,0,-76065604398.9601,2973451.2928755633
238,17700.0,2.0,4.0,1.59,0.3466,1.85,0.938,18.736458,644589.0,17786904576.0,0.23326,0.152,0.25389,0,-1,0,-84580113380.35283,-3170638.6908156234
239,65680.0,1.0,1.0,1.34,0.3547,0.75,0.578,15.7114,1567390.0,31932952576.0,0.02846,0.0,0.07411,0,-1,0,-70434065359.56247,-2657269.154500507
240,19932.0,2.0,9.0,4.19,0.5082,4.76,1.098,11.037313,22171673.0,21604491264.0,0.0,1.289,0.10005,0,-1,0,-80762526070.92276,18245954.93425886
241,44000.0,7.0,4.0,2.63,0.3761,2.26,0.478,13.094388,756954.0,8055853568.0,0.08590999,-0.544,0.12559,0,-1,0,-94311164381.02103,-2776654.740059676
242,270300.0,3.0,5.0,2.74,1.0389,4.6,0.734,22.997173,4671591.0,226252423168.0,0.1664,-0.129,0.24057,0,-1,0,123885405240.92561,-5177070.613980842
243,9000.0,7.0,6.0,1.53,0.4081,1.13,0.982,21.233568,550637.0,13666682880.0,0.26964,0.131,0.13758,0,-1,0,-88700335077.34772,-3145340.964274566
244,11000.0,4.0,5.0,0.0,0.0,0.0,1.392,34.77174,710329.0,33821958144.0,0.33862,0.134,0.57657003,0,-1,0,-68545059817.167114,-3568974.5749029606
245,44000.0,8.0,4.0,2.43,0.4953,2.22,1.149,23.033646,1073467.0,72302993408.0,0.29525998,0.066,1.1020501,0,-1,0,-30064024558.768723,-4319552.716185874
246,2617.0,8.0,8.0,0.0,0.0,0.0,0.76,9.869707,1765085.0,11727554560.0,0.041869998,0.143,0.0075499997,0,-1,0,-90639463361.38849,-1874768.692352021
247,21000.0,3.0,5.0,0.1,0.0388,0.0,1.478,22.44068,2522132.0,32020914176.0,0.26763,0.015,0.08424,0,-1,0,-70346103731.97469,-1705051.5963663387
248,3900.0,2.0,9.0,0.0,0.0,0.0,1.287,66.860466,713301.0,18171002880.0,0.18812001,-0.062,0.43028,0,-1,0,-84196015074.52727,-3113036.480417573
249,108900.0,10.0,7.0,2.24,2.0833,2.84,1.018,23.412369,98875860.0,99028992000.0,0.14173001,0.0,-0.17891,0,-1,0,-3338023147.3924255,92709306.44756934
250,12920.0,2.0,6.0,1.1,0.3766,1.24,1.092,25.921368,3076870.0,100382253056.0,0.60729,0.863,0.10474,0,-1,0,-1984764864.552185,-3128791.9692544895
251,22400.0,10.0,6.0,2.09,1.6841999,2.82,1.228,16.590021,1662959.0,19558615040.0,0.15134,0.0,0.0173,0,-1,0,-82808402887.62083,-2203547.0835430548
252,37000.0,5.0,3.0,3.48,1.1783,4.6,0.983,17.736666,9528268.0,27995164672.0,0.109239995,0.0,0.0674,0,-1,0,-74371853031.51715,5417587.30450809
253,53300.0,6.0,2.0,5.02,0.72129995,3.97,1.129,9.56,6687665.0,9796942848.0,0.18424,-0.24,0.17990999,0,-1,0,-92570074930.10439,3103661.320718911
254,18800.0,1.0,1.0,0.69,0.363,0.6,1.27,26.94197,1820275.0,167435255808.0,0.2746,-0.185,0.17424999,0,-1,0,65068237822.997604,-6326006.565704856
255,15638.0,1.0,2.0,0.0,0.0,0.0,1.429,62.57506,2015862.0,176213983232.0,0.33833,0.118,0.15621,0,-1,0,73846965248.98097,-6384487.932665948
256,8508.0,5.0,4.0,5.4,0.6907,5.01,1.404,8.037037,4665947.0,6799073792.0,0.19974001,0.0,0.04764,0,-1,0,-95567944043.36777,1168727.955979668
257,1750.0,3.0,4.0,3.37,1.527,2.49,1.026,46.58108,3024386.0,21119424512.0,0.55115,0.095,0.04558,0,-1,0,-81247593376.87595,-887282.5685647489
258,88000.0,1.0,7.0,0.0,0.0,0.0,1.506,14.696769,1444768.0,31276519424.0,0.18961,-0.048,0.22547,0,-1,0,-71090498514.83286,-2760903.652796616
259,28850.0,2.0,4.0,3.69,4.4754,5.22,1.078,43.418365,2151462.0,24997357568.0,0.33207,2.583,2.25057,0,-1,0,-77369660347.7596,-1872452.7960087336
260,33646.0,10.0,8.0,1.2,0.3094,0.85,1.155,20.350975,980080.0,14613168128.0,0.13174,0.041,0.14064,0,-1,0,-87753849817.3114,-2743302.5621902635
261,138000.0,10.0,10.0,0.24,0.0721,0.51,1.186,13.585415,1375344.0,14895665152.0,0.07249,-0.855,0.24104,0,-1,0,-87471352781.97345,-2356264.515285844
262,7200.0,1.0,4.0,1.3,0.3964,1.14,0.655,28.25791,634355.0,13018799104.0,0.25384,0.063,0.21903,0,-1,0,-89348218850.65372,-3042871.359387846
263,45000.0,2.0,6.0,1.06,0.3169,0.75,0.766,18.22857,876813.0,14854784000.0,0.10695,0.0,0.0817,0,-1,0,-87512233948.39949,-2853567.7260395824
264,138100.0,10.0,6.0,3.03,0.84800005,2.75,0.463,15.44434,9003367.0,394516561920.0,0.33708,-0.034,0.20056,3,-1,2,292149544047.80035,-5715054.464280852
265,94000.0,9.0,7.0,1.86,0.6948,2.21,1.335,19.019093,4543945.0,52606480384.0,0.14429,0.152,0.08182,0,-1,0,-49760537474.07016,-279051.7280132212
266,317233.0,10.0,5.0,2.31,0.24299999,2.71,1.09,14.507169,10305603.0,679035338752.0,0.0,0.582,0.17386,3,-1,2,576668320798.3552,-12647315.01147278
267,11271.0,1.0,4.0,2.44,1.0233,2.84,0.852,18.242424,3877842.0,12034823168.0,0.10263,0.251,0.062069997,0,-1,0,-90332194692.3692,229091.09127323283
268,24000.0,8.0,8.0,2.76,0.5825,3.54,0.326,68.725,2330677.0,28469964800.0,0.19131,12.887,0.37402,0,-1,0,-73897053112.02802,-1793738.0811839905
270,29400.0,9.0,9.0,2.73,0.84760004,2.22,0.627,16.458538,12271314.0,45776744448.0,0.26896998,0.0,0.057729997,0,-1,0,-56590273183.5775,7646010.391254619
271,17406.0,4.0,5.0,5.19,1.0789,5.04,1.25,10.128205,13586050.0,17312374784.0,0.0,0.0,-0.00994,0,-1,0,-85054642797.60733,9784554.57985051
272,15400.0,2.0,5.0,0.0,0.0,0.0,1.099,21.56815,1001968.0,25978679296.0,0.2224,-0.01,0.122150004,0,-1,0,-76388338653.44096,-3050341.1764427265
273,38000.0,2.0,5.0,3.58,0.6464,3.43,0.382,18.441679,2163073.0,46666756096.0,0.19583,-0.116,2.5237398,0,-1,0,-55700261828.49771,-2487991.869709438
274,717.0,4.0,7.0,4.78,1.7636,4.66,1.52,29.900002,4768772.0,14221914112.0,0.60457003,0.05,0.04078,0,-1,0,-88145103723.50194,1056728.2741128341
275,10933.0,8.0,8.0,4.05,0.9786,6.27,0.935,22.515873,14344444.0,63037005824.0,0.43907002,0.121,0.08554,0,-1,0,-39330011754.80969,9219610.5184842
276,4834.0,0.0,0.0,0.61,0.21040002,1.03,1.714,18.92257,5276537.0,105994993664.0,0.0,0.035,0.081520006,0,-1,0,3627975804.7577057,-1091562.6846128725
277,15000.0,3.0,5.0,1.01,0.2546,1.16,1.291,20.52407,1090272.0,89512681472.0,0.41891,0.439,0.96809,0,-1,0,-12854336501.494797,-4800808.6348778345
278,36000.0,5.0,4.0,5.29,0.708,4.53,0.379,9.850163,10649721.0,36136497152.0,0.25021,1.896,0.05545,0,-1,0,-66230520522.47042,6303417.983749215
279,420000.0,7.0,7.0,1.92,0.33240002,2.01,0.502,14.567686,6025762.0,43901759488.0,0.05277,-0.882,0.26879,0,-1,0,-58465258323.48611,1454536.8691730625
280,47000.0,2.0,6.0,2.31,0.58959997,1.98,0.741,14.437109,1309022.0,38997999616.0,0.18415001,1.857,0.07873,0,-1,0,-63369018330.00205,-3120101.489143966
281,60900.0,6.0,4.0,1.25,0.32580003,0.0,1.107,14.358302,608636.0,19252674560.0,0.13079001,0.0,0.09364,0,-1,0,-83114343398.00037,-3249034.0248542884
282,18300.0,3.0,1.0,1.27,0.26139998,1.12,1.541,17.004684,12377547.0,93206552576.0,0.31991,0.278,0.50422,0,-1,0,-9160465072.369354,6379557.177598052
283,10700.0,4.0,3.0,2.74,0.5669,1.39,0.749,10.845381,2608206.0,7704039936.0,0.19051,0.0,0.22239,0,-1,0,-94662977959.30078,-915204.9679843565
284,39900.0,7.0,10.0,2.62,0.4082,4.75,1.082,13.883636,5454208.0,27334397952.0,0.33298,-0.109,0.48238,0,-1,0,-75032619869.14983,1362649.9883874995
285,48000.0,8.0,4.0,1.19,0.16700001,1.35,0.726,12.828708,1565336.0,17188368384.0,0.12634,0.279,0.28699,0,-1,0,-85178649545.4494,-2232583.760597999
286,13265.0,2.0,10.0,1.76,0.146,1.15,1.71,7.0588603,3370544.0,29939664896.0,0.14701,-0.157,0.14501001,0,-1,0,-72427352986.54984,-796401.4353941223
287,14200.0,2.0,7.0,0.83,0.2019,1.2,1.141,23.675085,406909.0,19677351936.0,0.21139,0.362,1.42122,0,-1,0,-82689666028.024,-3463029.437296895
288,47000.0,8.0,7.0,0.73,0.4441,1.17,0.335,36.297882,3606418.0,738604941312.0,0.42778,1.018,0.84264,3,-1,2,636237923139.4778,-21070405.55943831
289,65289.0,10.0,6.0,1.31,0.4082,1.38,0.951,27.086134,2334613.0,217118621696.0,0.38384998,0.139,0.16721001,0,-1,0,114751603705.08235,-7249603.848861029
290,16200.0,10.0,10.0,0.0,0.0,0.0,1.384,51.665287,2308167.0,28896057344.0,0.077589996,0.0,0.67384005,0,-1,0,-73470960568.85919,-1828576.1134865761
291,47000.0,10.0,5.0,2.89,0.45630002,0.0,1.272,11.488951,2512247.0,10753218560.0,0.12212,-0.089,0.11349,0,-1,0,-91613799339.34924,-1099429.2672900874
292,121000.0,1.0,4.0,2.99,0.5715,2.63,0.427,15.705798,1637624.0,103561625600.0,0.118149996,-0.707,0.81044996,0,-1,0,1194607636.479416,-4660105.52499686
293,13000.0,10.0,8.0,0.28,0.039,0.45,0.795,31.25517,759150.0,19121504256.0,0.16219,-0.569,0.0867,0,-1,0,-83245513697.59695,-3094700.816922663
294,161000.0,3.0,3.0,2.01,0.372,1.68,1.115,18.08551,2484104.0,127848275968.0,0.15076,0.129,0.0,0,-1,0,25481258018.81253,-4516537.768709577
295,39000.0,7.0,8.0,0.0,0.0,0.0,1.21,19.628935,1845600.0,35353878528.0,0.27882,0.161,0.42417,0,-1,0,-67013139400.947655,-2478053.253834131
296,20000.0,2.0,1.0,7.68,1.2729,5.3,1.071,8.109176,2861052.0,22583001088.0,0.10245,0.0,0.105749995,0,-1,0,-79784016806.21315,-1092983.4505249118
297,21873.0,6.0,7.0,3.08,0.36540002,3.34,0.728,10.766584,1374685.0,28796751872.0,0.0,0.41,0.09245,0,-1,0,-73570266067.83318,-2759186.67164193
298,18300.0,5.0,8.0,2.53,0.33580002,3.33,1.376,14.127452,2839519.0,44891619328.0,0.06527,-0.704,0.18127,0,-1,0,-57475398576.17996,-1760161.321348927
299,891.0,1.0,1.0,1.4,0.4066,0.9,1.046,26.336575,643363.0,8170000896.0,0.50751996,-0.06,0.20448999,0,-1,0,-94197017056.36324,-2893528.666873037
300,418000.0,9.0,8.0,1.06,0.2893,1.29,1.586,22.359432,1701086.0,65266151424.0,0.64339995,-0.433,0.0,0,-1,0,-37100866521.59741,-3488456.001948927
301,90000.0,1.0,1.0,1.34,0.3729,1.41,0.943,25.704134,2050468.0,119474757632.0,0.29545,0.044,0.31785,0,-1,0,17107739673.758057,-4707797.207207724
302,9400.0,6.0,7.0,0.66,0.094399996,0.69,0.887,22.93666,546063.0,29145620480.0,0.31472,0.052,0.22822,0,-1,0,-73221397483.96294,-3597899.3922360353
303,18000.0,9.0,8.0,1.81,0.3085,1.57,1.249,15.536199,1687413.0,14556872704.0,0.19443001,-0.007,27.3125,0,-1,0,-87810145220.81897,-2034332.8696037407
304,35300.0,1.0,1.0,0.56,0.1901,0.52,1.102,33.004272,2720214.0,492878462976.0,0.61592996,0.223,1.90557,3,-1,2,390511444880.7432,-14844902.02019937
305,2500.0,2.0,7.0,2.48,0.0941,1.52,1.435,12.350806,4917326.0,7670639616.0,0.28309,-0.267,0.0,0,-1,0,-94696378212.45844,1394885.3521594224
306,14100.0,4.0,10.0,2.21,0.5897,1.76,0.711,26.108974,2200863.0,21843580928.0,0.18739,-0.03,0.14659001,0,-1,0,-80523436985.01135,-1731769.59146282
307,150000.0,8.0,5.0,2.31,0.59529996,2.25,0.706,24.352896,3377377.0,219403829248.0,0.53816,0.0,0.0,0,-1,0,117036811286.31807,-6273017.982805224
308,45000.0,9.0,2.0,0.43,0.122,0.68,0.512,18.148872,811339.0,83725287424.0,0.01832,0.572,0.0,0,-1,0,-18641730555.138885,-4912259.90384182
309,95000.0,7.0,6.0,3.2,0.8506,2.74,0.823,14.979487,7645298.0,112388980736.0,0.28344,0.019,0.08442,0,-1,0,10021962942.649963,1092103.022166436
310,73000.0,7.0,4.0,3.63,0.4629,2.93,0.363,9.492554,15760177.0,225398571008.0,0.45403,0.0,0.40789002,0,-1,0,123031553402.1733,5936320.453660158
311,74067.0,10.0,10.0,0.36,0.0838,0.0,1.231,22.796047,15929686.0,1461263007744.0,0.50891,0.514,0.37140998,2,-1,3,1358895989625.4724,-29661986.723364834
312,45000.0,4.0,3.0,2.75,0.3628,3.28,1.03,8.176472,3500591.0,53973700608.0,0.08818,1.307,0.15336001,0,-1,0,-48393317280.84697,-1361951.579422796
313,16000.0,6.0,3.0,0.0,0.0,0.0,1.152,27.631222,135516.0,24531732480.0,0.31308,0.403,0.0,0,-1,0,-77835285493.91138,-3874916.5001022415
314,60000.0,6.0,1.0,0.0,0.0,0.81,2.193,13.200001,5233913.0,8669328384.0,0.14463,-0.438,0.26327,0,-1,0,-93697689435.70497,1682541.172533168
315,22300.0,9.0,5.0,3.74,3.1772,1.62,1.517,18.73077,9929206.0,26191785984.0,0.29896,0.0,0.0471,0,-1,0,-76175231707.16042,5870724.853025535
316,48000.0,1.0,1.0,0.52,0.11,0.33,1.228,6.871795,22776703.0,98837897216.0,0.45028,0.986,0.101009995,0,-1,0,-3529120133.7547455,16615717.979775097
317,228000.0,9.0,3.0,0.88,0.2482,0.85,0.914,25.337791,22590562.0,2815991480320.0,0.54255,0.102,0.34291,1,-1,1,2713624461826.884,-62209108.73272968
318,2532.0,5.0,2.0,3.65,1.3096001,3.22,0.898,39.975903,773370.0,19904184320.0,0.56738997,0.035,0.08731,0,-1,0,-82462833633.5149,-3103127.7655789284
319,5800.0,5.0,9.0,0.0,0.0,0.0,1.862,-3.5770116,11335157.0,12031708160.0,-1.16069,0.0,-0.2877,0,-1,0,-90335309484.54202,7686498.0068064
320,41900.0,2.0,9.0,0.0,0.0,0.0,1.445,10.200897,767767.0,7118667776.0,0.13336,-0.326,0.06819,0,-1,0,-95248350172.3159,-2738717.1381599894
321,18000.0,4.0,5.0,0.0,0.0,0.0,0.564,12.557371,719421.0,17659863040.0,0.0466,0.203,0.27069,0,-1,0,-84707154914.13382,-3092130.065964292
322,16800.0,10.0,10.0,3.11,0.32900003,2.65,0.825,10.20742,2198329.0,12260412416.0,0.21301001,1.923,0.08611,0,-1,0,-90106605493.07062,-1456953.264273247
323,90000.0,6.0,5.0,2.78,0.5234,2.24,0.512,19.74344,10637427.0,87597850624.0,0.21250999,0.866,0.16712,0,-1,0,-14769167072.370728,4801727.46931237
324,4017.0,10.0,9.0,1.08,0.1366,0.64,1.038,33.753784,891062.0,27757015040.0,0.26088,14.089,0.68776,0,-1,0,-74610002913.3974,-3212709.477338622
325,5527.0,9.0,7.0,0.0,0.0,0.0,0.711,30.941177,6303326.0,56306978816.0,0.28531998,-0.211,0.21274,0,-1,0,-46060038992.71483,1373273.3579200911
326,15838.0,6.0,5.0,0.81,0.30200002,0.81,1.335,34.638138,805672.0,82997182464.0,0.45598,0.171,0.57171,0,-1,0,-19369835515.00261,-4896840.451625942
327,80000.0,6.0,9.0,3.21,0.4465,3.0,1.345,14.543507,7076849.0,186011156480.0,0.0,1.636,0.13173,0,-1,0,83644138639.36116,-1607077.6068696615
328,13765.0,8.0,3.0,3.23,1.5273,1.56,1.352,11.077235,5731314.0,8636588032.0,0.15807,-0.522,0.0168,0,-1,0,-93730429773.30307,2180911.8285225886
329,21000.0,1.0,1.0,1.01,0.4366,1.26,1.043,29.475153,809611.0,72293744640.0,0.29287001,0.025,1.28723,0,-1,0,-30073273334.404953,-4583129.989917934
330,6132.0,1.0,3.0,1.29,0.4555,0.89,1.186,32.77406,553552.0,43338162176.0,0.57918,-0.231,0.0,0,-1,0,-59028855793.690865,-4001162.7898219777
331,9162.0,1.0,1.0,1.28,0.48700002,1.36,0.971,23.856688,2806388.0,43084115968.0,0.35365,0.7,0.101239994,0,-1,0,-59282901936.38326,-1740976.0139403243
332,11800.0,1.0,1.0,2.35,0.3815,2.71,1.227,11.66227,2011765.0,18243727360.0,0.24877001,-0.027,1.14329,0,-1,0,-84123290556.97682,-1816681.174178035
333,14000.0,10.0,9.0,0.0,0.0,0.0,1.377,39.270393,4509122.0,399460859904.0,0.27555,1.018,0.38435,3,-1,2,297093841899.63904,-10352335.054145502
334,22200.0,4.0,3.0,2.08,0.3497,3.2,0.556,12.553526,10194477.0,54198665216.0,0.47415,0.0,0.11171,0,-1,0,-48168352479.21295,5325433.754161861
335,23900.0,6.0,10.0,0.75,0.2667,1.03,1.355,25.084908,3028836.0,15647310848.0,0.13167,0.383,0.0619,0,-1,0,-86719707038.45177,-724471.8069559103
336,23900.0,0.0,0.0,0.67,0.2667,1.01,1.355,29.149876,768500.0,15647310848.0,0.13167,0.383,0.0619,0,-1,0,-86719707103.86955,-2984807.546452877
337,16800.0,4.0,4.0,3.22,0.6113,2.29,0.574,19.14402,11561040.0,144917757952.0,0.53016,-0.008,0.09506,0,-1,0,42550740258.3416,4066449.2551537887
338,79400.0,9.0,10.0,2.53,0.5116,1.15,1.021,19.594427,14716826.0,93614137344.0,0.12106,-0.302,0.31934,0,-1,0,-8752880236.827774,8707010.497590816
339,7687.0,7.0,3.0,2.81,0.6543,3.43,0.499,21.462364,4408252.0,18760003584.0,0.43835998,-0.053,0.081199996,0,-1,0,-83607014263.8355,564865.6935467613
340,8000.0,7.0,9.0,1.56,0.37150002,0.96,0.923,19.256485,340573.0,11408520192.0,0.29994,-0.132,0.16153999,0,-1,0,-90958497770.48169,-3290049.763083786
341,19600.0,10.0,10.0,2.34,0.4667,2.0,1.348,16.977173,1212306.0,52204359680.0,0.49922,0.391,0.1936,0,-1,0,-50162658274.33666,-3599016.698277568
342,23300.0,5.0,5.0,3.09,0.3071,3.16,1.093,12.715969,1259573.0,18941530112.0,0.0,3.381,0.16455,0,-1,0,-83425487827.0369,-2589074.0824226895
343,97000.0,10.0,5.0,1.61,0.2841,1.6,0.302,18.253386,996849.0,74142572544.0,0.16667,0.0,0.27748,0,-1,0,-28224445425.748154,-4449436.353196086
344,41700.0,10.0,4.0,0.0,0.0,0.0,2.633,9.16268,11834327.0,8424946176.0,0.25729,0.0,1.05461,0,-1,0,-93942071452.5789,8290035.978336938
345,15637.0,7.0,9.0,1.85,0.32669997,3.03,1.123,13.797101,3218103.0,19389097984.0,0.124139994,0.431,0.4179,0,-1,0,-82977919898.54254,-643493.9376815045
346,32700.0,8.0,8.0,1.8,0.2565,1.85,1.596,13.028847,2872006.0,28114352128.0,0.14105,-0.615,0.106520005,0,-1,0,-74252665768.21074,-1242121.33577055
347,36000.0,9.0,8.0,0.04,0.0116,0.08,1.765,26.618933,277217177.0,2675947864064.0,0.63846,0.836,1.1917701,1,-1,1,2573580852998.8125,196470646.35868898
348,7000.0,10.0,9.0,0.0,0.0,0.0,1.254,13.862909,27418.0,21322407936.0,0.20219,0.151,0.3923,0,-1,0,-81044610039.69722,-3890127.3912914516
349,33100.0,4.0,1.0,2.13,0.41689998,1.5,1.476,14.536344,2895600.0,48185266176.0,0.35048,-0.279,0.27493998,0,-1,0,-54181751727.93397,-1799410.6207374502
350,93176.0,9.0,9.0,0.0,0.0,0.0,0.912,31.342903,348734.0,80671039488.0,0.22226,0.027,0.0,0,-1,0,-21695978503.240524,-5286493.309961544
351,13323.0,9.0,1.0,1.97,0.38939998,3.53,1.539,15.452532,11293254.0,45889605632.0,0.48509,0.0,0.08934,0,-1,0,-56477412027.933975,6664691.832494121
352,21895.0,4.0,9.0,0.68,0.1898,0.36,1.106,27.940678,1759836.0,35038044160.0,0.32479,-0.165,0.27899998,0,-1,0,-67328973771.30026,-2554668.314836747
353,74900.0,7.0,2.0,3.49,0.3753,3.65,1.002,9.287037,3226590.0,15773257728.0,0.16063999,0.06,0.32075,0,-1,0,-86593760152.77304,-530387.3667237777
354,26400.0,3.0,3.0,0.0,0.0,0.0,1.588,9.476851,9251834.0,17252974592.0,0.36033002,-0.313,0.18954,0,-1,0,-85114043115.02023,5452053.901990281
355,5177.0,9.0,4.0,4.18,0.766,6.92,1.67,16.495813,3956395.0,61485002752.0,0.28556,0.336,0.16117,0,-1,0,-40882015126.80753,-1123517.1723622354
356,159000.0,2.0,10.0,1.42,0.3756,1.43,1.066,19.674582,11668073.0,395031838720.0,0.41081002,0.2,1.03741,3,-1,2,292664820924.7088,-3065271.689596067
357,72000.0,2.0,1.0,1.53,0.371,0.0,0.95,24.369928,2262785.0,40488554496.0,0.17748,0.062,0.0,0,-1,0,-61878463423.01888,-2209489.5282220123
358,30100.0,2.0,7.0,1.36,0.1481,1.37,0.917,12.488402,2633367.0,50871451648.0,0.15935999,-0.386,0.24933,0,-1,0,-51495566264.648926,-2139384.4875796447
359,15400.0,8.0,5.0,2.56,0.55990005,2.93,0.792,17.393238,947622.0,17580943360.0,0.20016001,0.164,0.19166,0,-1,0,-84786074587.49667,-2861643.789469093
360,3936.0,9.0,10.0,0.0,0.0,0.0,2.806,182.65958,97477713.0,201349136384.0,0.11935,-0.219,0.10812,0,-1,0,98982121153.27223,88349907.72215147
361,15758.0,1.0,9.0,0.0,0.0,0.0,1.044,23.994444,5590796.0,114384388096.0,0.15933,-0.844,0.23378,0,-1,0,12017370242.340958,-1020110.9207132799
362,18600.0,9.0,10.0,1.73,0.932,3.27,1.624,7.092025,9002736.0,8204803072.0,0.09985,0.0,-0.30945,0,-1,0,-94162214638.44121,5464827.654571798
363,61120.0,7.0,7.0,1.08,0.2631,1.42,1.495,20.429008,767732.0,77443129344.0,0.25033,0.386,0.25852,0,-1,0,-24923888633.767258,-4774059.316939448
364,16500.0,1.0,4.0,2.6,0.815,2.7,0.981,28.550095,2019414.0,54399647744.0,0.44632998,0.036,0.44254002,0,-1,0,-47967370187.89758,-2855442.315209709
365,7306.0,1.0,10.0,0.69,0.1682,0.0,1.141,25.086008,638647.0,12247003136.0,0.30777,0.418,0.34874,0,-1,0,-90120014818.20624,-3016242.4495391967
366,24400.0,7.0,8.0,0.0,0.0,0.0,1.527,13.323109,11544009.0,64449118208.0,0.19392,-0.152,0.20001,0,-1,0,-37917899452.44808,6378300.685398908
367,9750.0,6.0,5.0,1.15,0.246,1.39,1.222,17.905155,1492634.0,14325994496.0,0.24804,-0.207,0.18454,0,-1,0,-88041023434.36081,-2222425.923430623
368,319000.0,9.0,5.0,3.63,0.7669,2.8,0.53,17.29664,7125368.0,204723814400.0,0.18879,0.18,0.52304,0,-1,0,102356796552.96635,-2100246.219874529
369,81000.0,10.0,5.0,6.82,1.1915001,4.4,0.543,8.604095,44681188.0,142977253376.0,0.36653998,0.0,0.09057,0,-1,0,40610236641.715195,37242723.85538627
370,28410.0,5.0,1.0,0.59,0.0478,3.32,1.045,11.486486,23360022.0,37290860544.0,0.38138,-0.303,0.088879995,0,-1,0,-65076156763.09845,18980312.106060676
371,83100.0,10.0,5.0,3.48,0.88199997,5.26,0.561,21.550001,5984036.0,241504993280.0,0.39606,0.0,0.0,0,-1,0,139137975384.49188,-4305968.867174159
372,13200.0,7.0,8.0,3.78,0.9018,4.25,1.292,12.830348,3549755.0,49641308160.0,0.029070001,-0.999,0.07236,0,-1,0,-52725709725.61467,-1187386.2515971018
373,6403.0,4.0,6.0,3.8,0.6746,4.39,0.533,20.121796,1068860.0,11215552512.0,0.39359,0.0,0.09527001,0,-1,0,-91151465429.32333,-2556177.3005426712
374,53686.0,2.0,2.0,3.72,0.4585,3.57,1.127,11.451033,2260854.0,68021514240.0,0.0,1.038,0.11274,0,-1,0,-34345503690.6091,-3008257.909448271
375,6000.0,7.0,2.0,1.52,0.4159,0.96,1.053,26.17789,395716.0,11878215680.0,0.12461001,-0.261,0.33587003,0,-1,0,-90488802281.08281,-3248499.5200653025
376,46000.0,4.0,5.0,2.53,0.465,1.8,1.212,12.140113,2168770.0,24386195456.0,0.17267,0.0,0.18378,0,-1,0,-77980822458.99997,-1837465.046265743
377,6653.0,6.0,1.0,3.05,0.85830003,4.58,0.784,19.51366,4902173.0,26364479488.0,0.37342998,0.598,0.06341,0,-1,0,-76002538348.72571,838701.9155688989
378,19700.0,8.0,7.0,3.61,0.4266,3.78,1.169,9.841232,1466208.0,18735927296.0,0.13493,0.0,0.14091,0,-1,0,-83631090636.97101,-2376486.9196133898
379,108000.0,7.0,2.0,2.4,0.63060004,2.4,0.4,22.645552,7624377.0,394005118976.0,0.28568,0.341,0.31058002,3,-1,2,291638101064.09955,-7079227.935906116
380,66308.0,4.0,3.0,1.76,0.0208,1.54,0.351,20.207245,2883900.0,163477766144.0,0.14965999,0.19,0.36976,0,-1,0,61110748191.445724,-5147868.624200823
381,2703.0,6.0,7.0,3.66,0.9576,2.49,1.112,31.37784,3951445.0,102371688448.0,0.70509005,1.024,0.06781,0,-1,0,4670551.924575806,-2311789.490667735
382,37936.0,4.0,6.0,4.91,0.6933,5.0,1.259,7.4928527,1758691.0,39011782656.0,0.051030003,0.0,0.09486,0,-1,0,-63355235276.995125,-2670827.09957741
383,13047.0,2.0,4.0,3.09,0.67800003,3.36,0.617,20.056509,2747562.0,40697532416.0,0.36978,-0.48,0.11218,0,-1,0,-61669485489.08561,-1730732.4741041497
384,7311.0,7.0,7.0,0.0,0.0,0.0,1.22,22.114286,1077167.0,18626156544.0,0.29955998,0.236,0.12994,0,-1,0,-83740861400.1865,-2762345.003368522
385,5900.0,3.0,4.0,4.08,1.1278,3.31,0.73,27.692379,714970.0,51637207040.0,0.70731,0.453,0.20927,0,-1,0,-50729810928.495026,-4079931.8066964233
386,6793.0,5.0,2.0,0.86,0.0558,1.02,1.725,7.5362964,2267685.0,20509255680.0,0.22227,0.348,0.274,0,-1,0,-81857762230.51974,-1626326.6746230423
387,58400.0,8.0,3.0,0.16,0.0614,0.22,1.101,25.028543,1696604.0,37685268480.0,0.0864,0.436,0.13623,0,-1,0,-64681749454.23318,-2694532.541015439
388,49000.0,2.0,2.0,2.23,0.3614,2.14,1.289,12.487327,7655965.0,168908324864.0,0.30923998,0.15,0.41968,0,-1,0,66541307047.2798,-532964.5928108324
389,45000.0,9.0,5.0,1.91,0.3849,1.89,0.919,17.144466,1084227.0,18569949184.0,0.19277,0.202,0.13835,0,-1,0,-83797068759.95259,-2753676.3385437145
390,14800.0,3.0,10.0,1.53,0.294,2.23,1.522,16.565283,881391.0,13321302016.0,0.1604,0.112,0.27571,0,-1,0,-89045715931.62958,-2804593.9290657346
391,19000.0,6.0,5.0,1.44,0.1807,1.43,1.053,12.478456,1382760.0,28484538368.0,0.0,0.233,0.19111,0,-1,0,-73882479571.46916,-2742074.357236271
392,186000.0,5.0,4.0,1.91,0.6986,2.6,0.491,21.558102,4961954.0,175858057216.0,0.15890001,0.049,0.08125,0,-1,0,73491039318.42198,-3428176.8691102327
393,468.0,8.0,6.0,5.69,3.1969001,4.85,1.012,35.603775,5334140.0,50483044352.0,0.90152,-0.244,0.02404,0,-1,0,-51883973482.326256,572643.5056330096
394,495.0,5.0,1.0,3.87,1.2867,4.23,1.23,34.700005,1003981.0,13307739136.0,0.62513,-0.038,0.05817,0,-1,0,-89059278808.07823,-2681604.5572147397
395,15106.0,7.0,10.0,0.55,0.0,0.0,0.268,14.066651,926401.0,69679382528.0,0.32587,-0.208,0.15951,0,-1,0,-32687635441.930847,-4390673.5224290695
396,19644.0,4.0,6.0,4.67,0.5078,3.99,1.208,9.477876,8592865.0,19395061760.0,0.0,0.0,0.10694,0,-1,0,-82971955966.9901,4731092.921760891
397,42000.0,5.0,2.0,0.97,0.3436,1.41,0.738,35.0279,1065162.0,74492461056.0,0.30782,0.168,0.18624,0,-1,0,-27874556911.926407,-4391223.314513421
398,0.0,4.0,4.0,0.96,0.2385,0.83,0.737,21.37415,937065.0,32301930496.0,0.34755,0.649,0.25654,0,-1,0,-70065087457.97015,-3298241.393915533
399,11000.0,9.0,8.0,0.27,0.121700004,0.22,1.066,20.468994,940826.0,12689926144.0,0.30403998,0.219,0.036429998,0,-1,0,-89677091801.6456,-2726884.127024632
400,27000.0,7.0,8.0,2.03,0.6301,1.71,1.382,22.686844,844524.0,29244069888.0,0.19457,-0.134,0.24847999,0,-1,0,-73122948067.36342,-3302296.13822133
401,20265.0,4.0,9.0,1.24,0.64059997,1.05,0.777,47.375,1789814.0,25738133504.0,0.22767,-0.03,0.37518,0,-1,0,-76628884422.5379,-2255535.8338893605
402,18200.0,7.0,6.0,0.57,0.2091,0.53,1.056,29.102898,632721.0,62566797312.0,0.39914,0.185,0.08533,0,-1,0,-39800220663.45103,-4478505.827020775
403,0.0,9.0,6.0,1.29,0.2326,0.96,1.156,18.747383,2872634.0,41379692544.0,0.14352,-0.02,0.40282002,0,-1,0,-60987325357.75362,-1625396.9982087393
404,105950.0,4.0,9.0,1.45,0.0868,2.52,2.544,14.526242,2696101.0,55865798656.0,0.34686002,0.899,0.45828998,0,-1,0,-46501219256.91291,-2221230.9204342086
405,42350.0,1.0,3.0,0.76,0.2947,0.82,1.2,29.893517,1377549.0,154111279104.0,0.49036,0.558,0.11023,0,-1,0,51744261111.76854,-6383127.443088584
406,76453.0,2.0,10.0,0.62,0.2516,0.0,1.354,24.256065,6751757.0,259441164288.0,0.29405,0.195,0.10258,0,-1,0,157074146407.1978,-4057345.1172548993
407,1720.0,2.0,8.0,2.05,0.5648,1.06,0.739,23.646673,827413.0,23335235584.0,0.66971,0.595,0.0,0,-1,0,-79031782369.38792,-3148384.2779003703
408,110000.0,2.0,1.0,2.72,0.35369998,2.72,1.48,11.411445,15257822.0,56950935552.0,0.22745001,0.001,0.20952,0,-1,0,-45416081997.810234,10309081.1619148
409,30000.0,1.0,6.0,3.39,0.5127,3.78,1.036,8.75464,3221018.0,17978159104.0,0.20011999,0.0,0.0,0,-1,0,-84388858777.86494,-599751.0821782635
410,16773.0,9.0,5.0,3.7,0.5611,3.15,0.776,13.566149,5436083.0,45426102272.0,0.40182,-0.102,0.097950004,0,-1,0,-56940915557.255295,820934.3535756841
411,26293.0,2.0,5.0,0.0,0.0,0.0,1.034,47.770058,1776936.0,164727078912.0,0.17853001,0.296,0.16534,0,-1,0,62360060926.87874,-6290970.351228002
412,63890.0,3.0,8.0,0.93,0.2711,0.84,1.231,26.584507,1816873.0,85450522624.0,0.19045,0.357,0.69045997,0,-1,0,-16916495326.756653,-3956666.0298237572
413,2600.0,9.0,10.0,5.11,1.1157,6.16,1.802,24.230087,1512449.0,61939806208.0,0.74173,-0.111,0.74901,0,-1,0,-40427211741.73017,-3580624.3665209953
414,10100.0,8.0,8.0,4.37,0.8492,2.03,1.178,10.01875,3469163.0,10306712576.0,0.23843999,-0.306,0.08342,0,-1,0,-92060305295.47345,-129573.12475543795
415,9000.0,7.0,8.0,3.71,0.8606,3.12,0.27,11.046534,1249378.0,12378425344.0,0.25171,0.0,-0.03549,0,-1,0,-89988592592.58546,-2409315.892366311
416,100000.0,4.0,4.0,5.19,2.285,3.33,0.997,12.329639,3652990.0,23233150976.0,0.13463001,0.56,0.02708,0,-1,0,-79133866895.55269,-319900.21692139935
417,13000.0,3.0,6.0,2.6,0.3957,2.5,0.981,16.367296,396788.0,17261705216.0,0.29017,0.014,0.2034,0,-1,0,-85105312747.30539,-3403237.3334508413
419,28314.0,5.0,1.0,3.16,0.7168,3.95,0.446,21.094906,5048050.0,99951378432.0,0.48436,-0.385,0.1185,0,-1,0,-2415639431.3201294,-1145149.4000706556
420,72450.0,8.0,2.0,2.14,0.9474,1.03,1.1,21.125786,10625257.0,19907483648.0,0.0608,0.0,0.04457,0,-1,0,-82459534020.37555,6748629.104530314
421,48500.0,8.0,3.0,4.29,1.7249,2.79,1.254,13.921677,1766977.0,11811339264.0,0.10058,0.0,0.03221,0,-1,0,-90555678657.36148,-1875323.5391695856
422,361000.0,7.0,8.0,2.5,0.7484,2.08,0.985,26.271505,9746154.0,111014445056.0,0.17751,-0.235,0.0,0,-1,0,8647427324.070358,3232612.4792091097
423,52626.0,9.0,7.0,3.41,0.3532,3.11,1.467,9.533191,2044557.0,25685278720.0,0.0,3.417,0.10939,0,-1,0,-76681739199.13792,-1999278.6729716037
424,13000.0,2.0,3.0,1.61,0.187,1.84,1.353,12.3476095,1871868.0,18582730752.0,0.13808,-0.485,0.1743,0,-1,0,-83784287169.16745,-1966390.0121585922
425,18000.0,8.0,6.0,1.02,0.3505,0.88,0.92,22.3671,524695.0,21909927936.0,0.26331,0.238,0.096140005,0,-1,0,-80457090025.54953,-3409859.4516346874
426,53000.0,9.0,6.0,0.92,0.4175,1.03,0.955,26.940134,1433545.0,139125637120.0,0.26580998,-0.526,0.1526,0,-1,0,36758619135.66716,-5893429.049603073
427,5684.0,10.0,10.0,0.0,0.0,0.0,1.203,8.080189,72851168.0,20332658688.0,0.07665,0.0,0.31015,0,-1,0,-82034357179.64586,68962259.71039522
428,20000.0,4.0,8.0,1.91,0.117,2.58,1.67,8.103555,4123824.0,20382162944.0,0.0,0.82,0.22957,0,-1,0,-81984854912.74474,233484.0413116375
429,20000.0,2.0,5.0,0.0,0.0,0.0,1.155,29.451918,1203085.0,67715829760.0,0.23801,-0.347,0.15951,0,-1,0,-34651188201.100006,-4057163.665659111
430,76000.0,5.0,5.0,2.75,0.5205,2.58,1.115,15.060975,3605501.0,36251942912.0,0.055430003,0.0,0.86513,0,-1,0,-66115074966.383484,-744161.5512986421
431,70000.0,10.0,10.0,1.33,0.29299998,0.0,0.636,24.829428,3911850.0,302481178624.0,0.38182,0.533,0.17934,3,-1,0,200114160642.9792,-8142892.841303157
432,8158.0,4.0,7.0,5.55,0.5421,3.5,1.482,9.793583,1755201.0,20350699520.0,0.39812002,0.01,0.19646999,0,-1,0,-82016318405.28522,-2134222.410824367
433,12371.0,10.0,8.0,0.0,0.0,0.0,0.82,26.845663,1730216.0,37147111424.0,0.06504,0.0,-0.51451,0,-1,0,-65219906509.04236,-2645323.3943332233
434,12500.0,3.0,4.0,1.99,0.407,4.06,1.599,14.758403,5467640.0,14542803968.0,0.22301,-0.007,0.39821997,0,-1,0,-87824213847.40808,1746303.501329565
435,3370.0,4.0,8.0,1.52,0.4791,3.97,2.317,23.949152,1621781.0,43145928704.0,0.25205,0.168,0.34414002,0,-1,0,-59221089234.69452,-2927369.05726328
436,440000.0,4.0,1.0,4.32,0.5011,2.33,1.182,9.862036,6618396.0,47220453376.0,0.081829995,-0.19,0.2912,0,-1,0,-55146564419.72106,1951113.1161267697
437,87000.0,3.0,3.0,2.0,0.4013,1.7,1.314,15.80979,1679275.0,42404913152.0,0.23849002,-0.696,0.14879,0,-1,0,-59962104784.70682,-2848469.0133296573
438,14900.0,5.0,9.0,0.0,0.0,0.0,1.03,23.0904,262665.0,23209017344.0,0.24025999,-0.377,0.0874,0,-1,0,-79158000625.67767,-3709485.5792778097
439,6500.0,4.0,1.0,0.58,0.1446,0.41,1.458,19.477646,3022539.0,13387099136.0,0.23679,0.249,0.20294,0,-1,0,-88979918749.69017,-665346.4679661267
440,125665.0,5.0,10.0,0.0,0.0,0.0,2.507,81.34259,95432981.0,847713796096.0,0.13335,-0.709,0.1042,3,-1,2,745346780535.4023,67598331.26088116
441,34000.0,9.0,8.0,3.09,1.0115,2.64,0.965,29.988094,6385481.0,160445841408.0,0.43846,-0.121,0.28395998,0,-1,0,58078823558.0518,-1558523.9845081542
442,111.0,3.0,4.0,0.49,0.259,0.86,1.718,17.857082,132783.0,30011482112.0,0.80684996,0.048,0.41731,0,-1,0,-72355535864.28806,-4036234.259018868
443,34000.0,4.0,6.0,0.11,0.0184,0.13,1.268,10.895523,1428455.0,13258332160.0,0.10809,0.0,0.11627,0,-1,0,-89108685771.76721,-2255716.7489585723
444,125000.0,2.0,2.0,0.34,0.094399996,0.22,0.789,21.292465,1894342.0,188690857984.0,0.25175,0.138,0.13134,0,-1,0,86323839992.2559,-6867160.253720929
445,0.0,8.0,6.0,1.27,0.3421,1.29,0.962,25.697826,4805619.0,132886953984.0,0.13141,0.013,0.61982,0,-1,0,30519936099.86487,-2340772.9636192815
447,26000.0,2.0,1.0,1.72,0.4314,1.41,0.842,4.804133,5125100.0,28425455616.0,0.12865,-0.039,0.49828997,0,-1,0,-73941562215.13393,1001971.8024663613
448,45000.0,2.0,3.0,1.13,0.296,1.42,1.298,26.24506,1603916.0,74464616448.0,0.19179001,0.21,0.36048,0,-1,0,-27902401504.321854,-3851664.9485592996
449,16600.0,7.0,9.0,0.0,0.0,0.0,1.379,31.674332,255427.0,77239705600.0,0.50546,0.564,0.0,0,-1,0,-25127312392.516113,-5280455.52685013
450,34000.0,5.0,9.0,1.6,0.1933,2.2,0.621,12.31953,1367196.0,59354865664.0,0.15697,0.284,0.18941,0,-1,0,-43012152288.846375,-3651080.246638478
451,0.0,10.0,3.0,0.0,0.0,0.0,1.571,21.986576,1549667.0,16104291328.0,0.19336,0.439,0.29367,0,-1,0,-86262726601.45653,-2216854.9000924462
452,36769.0,6.0,7.0,5.14,0.5226,4.59,1.059,10.243037,7942665.0,52816076800.0,0.0,0.0,-0.00072999997,0,-1,0,-49550940959.80264,3113629.2648135494
453,7400.0,2.0,7.0,0.0,0.0,0.0,0.8,53.523544,255165.0,24987170816.0,0.19393,0.634,0.08315,0,-1,0,-77379847154.64067,-3768444.4777111835
454,138000.0,10.0,10.0,3.21,0.66550004,2.86,0.71,17.82,2505313.0,22215819264.0,0.06347,2.367,0.05819,0,-1,0,-80151198640.33615,-1438152.1525846703
455,70263.0,1.0,2.0,4.73,0.5224,4.17,1.041,9.759815,10541850.0,65841500160.0,0.0,1.092,0.110249996,0,-1,0,-36525517530.028,5335822.148927476
456,31100.0,6.0,9.0,0.0,0.0,0.0,1.39,30.826273,23890126.0,152139169792.0,0.0804,3.84,0.56004,0,-1,0,49772152452.14308,16186528.227227502
457,1419.0,2.0,9.0,3.86,6.5192,3.65,0.872,94.76596,2026790.0,16786323456.0,0.58999,0.0,0.02037,0,-1,0,-85580694459.93324,-1759471.6927998126
458,20000.0,9.0,4.0,0.0,0.0,0.0,1.34,15.717971,1021032.0,16287406080.0,0.16216,0.048,0.50386,0,-1,0,-86079611864.82957,-2750799.0460483963
459,32439.0,9.0,1.0,2.31,0.4761,2.15,1.052,19.170107,2659968.0,139131666432.0,0.50169,0.078,0.42597,0,-1,0,36764648483.15602,-4667170.835042445
460,107300.0,5.0,9.0,0.0,0.0,0.0,1.414,5.8089333,7636937.0,22989088768.0,0.14177,0.626,0.28629,0,-1,0,-79377928988.14743,3671106.360835952
461,254360.0,4.0,10.0,5.98,0.96589994,3.37,0.929,12.447219,6282806.0,92940361728.0,0.12759,0.07,0.33955002,0,-1,0,-9426656096.61177,292407.7249859283
462,27900.0,5.0,1.0,1.14,0.1685,0.0,1.767,13.394154,690683.0,41005694976.0,0.29769,0.045,0.30743,0,-1,0,-61361322988.7417,-3796537.0530243875
463,400000.0,10.0,3.0,1.63,0.5274,1.35,0.634,17.258862,4793649.0,472027955200.0,0.0874,0.026,0.15128,3,-1,2,369660937173.5428,-12168196.303686997
464,76000.0,10.0,10.0,0.43,0.0476,0.51,1.319,10.252202,777031.0,12102072320.0,0.1434,0.568,0.17943001,0,-1,0,-90264945630.12949,-2873696.8652565153
465,9898.0,6.0,4.0,3.44,0.4988,4.36,1.34,13.62487,3313798.0,41345331200.0,0.053390004,-0.746,0.10727,0,-1,0,-61021686688.96964,-1183243.3223869689
466,498.0,3.0,4.0,2.79,9.4737,4.23,1.401,429.75003,2930270.0,30057746432.0,0.38352,0.0,0.00842,0,-1,0,-72309271463.34358,-1240086.7273757781
468,929.0,3.0,3.0,0.0,0.0,0.0,0.872,29.008093,816804.0,23737032704.0,0.70316005,-0.23,0.0,0,-1,0,-78629985249.86337,-3170621.523601209
469,7800.0,5.0,4.0,0.61,0.2342,0.6,0.899,40.40878,791524.0,41322504192.0,0.47687,0.239,4.45084,0,-1,0,-61044513769.9591,-3704855.3775845845
470,99600.0,1.0,2.0,6.03,0.6486,5.67,0.396,9.498943,24718304.0,189141827584.0,0.36198002,0.0,0.18469,0,-1,0,86774810252.62532,15943759.535160586
471,6100.0,9.0,8.0,0.0,0.0,0.0,0.415,26.2488,1450645.0,126517862400.0,0.43326,-0.056,-0.031519998,0,-1,0,24150844421.434982,-5511418.2040178375
472,32000.0,3.0,8.0,5.53,9.6,0.89,0.916,3.2509363,13034278.0,10361229312.0,0.30417,0.0,-0.03244,0,-1,0,-92005788282.66289,9433952.479615914
473,27.0,4.0,4.0,5.4,0.6621,5.03,0.967,11.725274,7098404.0,33824966656.0,0.92084,-0.19,0.10345,0,-1,0,-68542051120.28891,2819017.876508905
474,0.0,10.0,2.0,0.69,0.2167,0.67,0.949,27.08136,6487085.0,661361131520.0,0.69494003,0.078,0.51191,3,-1,2,558994113463.1927,-15954161.830774173
475,6850.0,6.0,4.0,0.75,0.1248,2.41,1.232,17.253624,9042486.0,40495689728.0,0.39282,0.0,0.51573,0,-1,0,-61871327994.81679,4570035.407711292
476,11971.0,6.0,6.0,0.84,0.2663,0.85,0.797,25.654186,995763.0,30771607552.0,0.27642,0.297,0.11766,0,-1,0,-71595410399.62848,-3195259.240281052
477,8606.0,10.0,9.0,0.45,0.0719,0.62,0.641,16.383907,1878459.0,27027435520.0,0.17616,0.471,0.22103001,0,-1,0,-75339582404.51422,-2204199.6380525036
478,23500.0,3.0,4.0,0.84,0.2069,1.21,1.175,23.154358,284829.0,46968561664.0,0.16944,0.228,0.55683,0,-1,0,-55398456314.985855,-4374963.42124716
479,29500.0,5.0,7.0,0.55,0.1325,0.59,1.307,21.412249,1147885.0,31058456576.0,0.20372,0.02,0.103310004,0,-1,0,-71308561371.34315,-3051447.5097298063
480,193000.0,1.0,1.0,8.94,2.9091,6.33,0.598,7.6122446,25559181.0,9676384256.0,0.01877,0.0,-0.80845,0,-1,0,-92690632975.85936,21978597.34816003
481,2100000.0,6.0,2.0,1.1,0.3444,1.45,0.537,31.305147,19934247.0,682634772480.0,0.06215,-0.023,0.21414,3,-1,2,580267754803.8014,-3123699.6200042283
482,177080.0,5.0,2.0,1.02,0.3084,1.38,1.411,19.042719,8758531.0,177289953280.0,0.19944,0.346,0.05905,0,-1,0,74922935491.6999,326962.69593889546
483,35000.0,5.0,10.0,0.0,0.0,0.0,1.49,-79.76923,34291814.0,25455859712.0,0.19509001,0.0,-0.28208,0,-1,0,-76911157273.75691,30254622.796035726
484,61700.0,1.0,1.0,1.45,0.4405,1.61,0.762,28.242876,1644657.0,91650048000.0,0.29806,0.214,0.36238,0,-1,0,-10716969958.337708,-4308304.750118877
485,7600.0,8.0,7.0,0.0,0.0,0.0,0.998,28.009281,462685.0,21516251136.0,0.34794,0.064,0.42824,0,-1,0,-80850766827.18097,-3460470.8490325115
486,7017.0,6.0,4.0,3.32,0.6915,3.14,0.443,20.603449,2302506.0,34174228480.0,0.3995,1.062,0.12247,0,-1,0,-68192789435.23511,-1986991.0943967905
487,217000.0,5.0,2.0,2.26,0.2793,2.93,1.156,12.87614,15794321.0,230814171136.0,0.0,0.663,0.10836001,0,-1,0,128447153528.91634,5813659.652011167
488,685.0,3.0,5.0,1.75,1.6,3.35,1.191,84.2967,2984877.0,98389475328.0,0.37077,0.253,0.033010002,0,-1,0,-3977542594.3819427,-3163105.046007364
489,10600.0,7.0,5.0,0.38,0.12109999,0.23,1.086,29.547873,953511.0,16063438848.0,0.25888002,-0.021,0.17713,0,-1,0,-86303579098.69144,-2811833.577689864
490,51000.0,7.0,7.0,0.0,0.0,3.23,1.457,4.610669,8493063.0,14128610304.0,0.19204001,0.0,0.10829,0,-1,0,-88238407423.66782,4783695.10329932
491,9440.0,2.0,2.0,2.86,1.4814999,2.67,1.46,34.139534,3611562.0,21310926848.0,0.16437,-0.633,0.039690003,0,-1,0,-81056091023.96109,-305652.69335818524
492,19600.0,4.0,1.0,1.66,0.2588,1.9,1.811,19.554735,2138700.0,19635460096.0,0.21576999,0.129,0.52702,0,-1,0,-82731557817.88477,-1730028.8105161323
493,5829.0,3.0,2.0,3.38,1.044,5.71,1.071,28.320574,7599886.0,72252645376.0,0.52023,-0.574,0.15782,0,-1,0,-30114372401.868637,2208340.973758247
494,49000.0,8.0,6.0,1.09,0.3314,1.34,0.72,18.637922,555257.0,33612357632.0,0.26798,1.059,-0.00999,0,-1,0,-68754660333.56128,-3717998.60693342
495,20482.0,3.0,10.0,0.0,0.0,0.0,1.377,28.733734,2187572.0,63438340096.0,0.097679995,-0.922,0.06146,0,-1,0,-38928677834.81578,-2948879.88707415
496,28000.0,7.0,8.0,1.21,0.2299,2.28,1.765,16.400398,2563290.0,8740728832.0,0.25257,-0.629,0.0,0,-1,0,-93626289065.03214,-990132.622969145
497,11380.0,8.0,3.0,3.27,0.6366,2.96,0.387,18.203655,3656640.0,40057835520.0,0.39298,0.094,0.10426,0,-1,0,-62309182358.50777,-803139.9689637222
498,23000.0,1.0,2.0,1.34,0.39450002,1.15,1.081,25.145264,1454893.0,29029414912.0,0.19657,0.211,0.08453,0,-1,0,-73337603025.60909,-2685712.846831621
499,40000.0,2.0,3.0,1.82,0.5134,1.82,1.029,25.61842,2128781.0,43472928768.0,0.35952,-0.066,0.0,0,-1,0,-58894089156.152214,-2429850.5541817965
500,9900.0,1.0,10.0,0.0,0.0,0.0,1.679,17.505611,565909.0,14360527872.0,0.18811001,8.824,0.15946999,0,-1,0,-88006490085.19617,-3150150.3374707624
501,17000.0,3.0,2.0,0.86,0.2167,0.77,1.039,13.053488,1849945.0,22346813440.0,0.33734,-0.405,0.07253,0,-1,0,-80020204483.37778,-2097253.2628791113
502,13800.0,3.0,2.0,1.23,0.3159,0.71,0.941,25.727129,2960788.0,73039355904.0,0.41368,0.132,0.51142,0,-1,0,-29327662008.45984,-2453528.9229572862
