,Retorno Medio,Volatilidad Mensual,RSI
2019-01-02 00:00:00,-2.4081563373584394,-2.017126502395423,-0.4821689206357741
2019-01-03 00:00:00,-2.3981228265353884,-2.114635836705603,-0.6020587761679355
2019-01-04 00:00:00,-2.4038587028542473,-2.090480922809298,-0.3881654359721329
2019-01-07 00:00:00,-2.377873428597196,-2.120752284297776,-0.45437088430026473
2019-01-08 00:00:00,-2.3446866119309666,-2.132600558681733,-0.38603187372661535
2019-01-09 00:00:00,-2.366028673076405,-2.174379771352789,-0.3610693769235726
2019-01-10 00:00:00,-2.399120788741009,-2.1294513627994975,-0.24000409594516114
2019-01-11 00:00:00,-2.37074028850173,-2.150422224738285,-0.31020171926665024
2019-01-14 00:00:00,-2.4273513605279087,-2.0909861850038802,-0.29298042781663874
2019-01-15 00:00:00,-2.362828587871362,-2.0118126993401066,-0.10940185855270008
2019-01-16 00:00:00,-2.43138111949801,-2.0363241911254137,0.10950327753043708
2019-01-17 00:00:00,-2.422948527941517,-2.0015713555010346,0.17792253969309585
2019-01-18 00:00:00,-2.4773791477182567,-1.9921272388735676,0.03906423807549285
2019-01-22 00:00:00,-2.4378662213760567,-2.0279326516384617,-0.00495746316022285
2019-01-23 00:00:00,-2.4532798303384933,-2.0067049559064403,-0.0016991347232671091
2019-01-24 00:00:00,-2.458143521521099,-2.1063907916098112,0.026308155924260637
2019-01-25 00:00:00,-2.4743206457107285,-2.1218917451578734,0.09850214131435284
2019-01-28 00:00:00,-2.4695567463950723,-2.135006659701871,0.11262133038255989
2019-01-29 00:00:00,-2.5014204638061512,-2.126903964013437,-0.20135571521484957
2019-01-30 00:00:00,-2.512962079451441,-2.1022285196807746,0.05178180073494936
2019-01-31 00:00:00,-2.4899835884044337,-2.0567859686394243,0.2348016575146905
2019-02-01 00:00:00,-2.436713500341011,-2.06164774215231,0.35830624743438805
2019-02-04 00:00:00,-2.4592860600501893,-2.0381306362513167,0.05867202003277975
2019-02-05 00:00:00,-2.4591167578431787,-2.0417708796195178,0.23587662808491983
2019-02-06 00:00:00,-2.4740885116114093,-2.061757230365259,0.008851299941834388
2019-02-07 00:00:00,-2.480969923875093,-2.0746764634553303,-0.1800281228068553
2019-02-08 00:00:00,-2.4582244296502607,-2.021907056351546,-0.15084918164198197
2019-02-11 00:00:00,-2.4955076212256153,-2.044976364766936,-0.21638164077260535
2019-02-12 00:00:00,-2.5377998563250994,-2.0553515221694085,-0.08036434858594729
2019-02-13 00:00:00,-2.5588152906339157,-2.073823558541554,-0.04131984846253907
2019-02-14 00:00:00,-2.3352146300193914,-2.0302682764087967,-0.061637860167117135
2019-02-15 00:00:00,-2.324642840595358,-2.075615469599967,-0.07072830128269443
2019-02-19 00:00:00,-2.3330257902729654,-2.1294694833942622,0.08188544639659397
2019-02-20 00:00:00,-2.3520252011999516,-2.1313193195458098,0.0047571556733631785
2019-02-21 00:00:00,-2.371255810549035,-2.1545319039986954,-0.03507519641876178
2019-02-22 00:00:00,-2.3570231807088597,-2.102945113744554,0.07985266412354845
2019-02-25 00:00:00,-2.3826473143417,-2.1447566628158685,0.1384971066962717
2019-02-26 00:00:00,-2.394748502760407,-2.1234046053323317,0.12771774144697304
2019-02-27 00:00:00,-2.379148897275922,-2.111920437686789,0.25903648297695037
2019-02-28 00:00:00,-2.340176406515067,-2.119799315772347,-0.10445452539088228
2019-03-01 00:00:00,-2.2915956353926776,-2.0951367769584457,0.004620165928183654
2019-03-04 00:00:00,-2.2781558813208025,-2.132762212986256,0.025345677040497505
2019-03-05 00:00:00,-2.2350605453570913,-2.108301713488661,-0.08856447368260098
2019-03-06 00:00:00,-2.272113126653032,-2.0667241380184684,-0.18472896705337366
2019-03-07 00:00:00,-2.280719030527657,-2.0461764206876176,-0.15950550035109967
2019-03-08 00:00:00,-2.3015481087801457,-2.0430375498511095,-0.22927840237941985
2019-03-11 00:00:00,-2.319230955804621,-2.0311298366658415,-0.20433996925388528
2019-03-12 00:00:00,-2.2659949063372644,-2.0288201782416335,-0.08592628269277718
2019-03-13 00:00:00,-2.2407077179691597,-2.025168750447953,-0.016210339824208626
2019-03-14 00:00:00,-2.2752580607872557,-2.0488915221638377,0.06270942759123914
2019-03-15 00:00:00,-2.2627885852827485,-2.012394165722178,0.11818285687003444
2019-03-18 00:00:00,-2.241294683905995,-2.016086591929765,0.1633563309322537
2019-03-19 00:00:00,-2.2189717189658027,-1.9674953578775396,0.1574931122798554
2019-03-20 00:00:00,-2.2151555723176366,-1.9492092832722578,0.1808057270646021
2019-03-21 00:00:00,-2.198759889161205,-1.924262936964751,0.1808985698761158
2019-03-22 00:00:00,-2.178138140742441,-1.9379748880677015,0.11963854604145976
2019-03-25 00:00:00,-2.155882225457792,-1.9177550501811162,0.11647269604633011
2019-03-26 00:00:00,-2.189032975656667,-1.9360642400532082,0.03633328309799322
2019-03-27 00:00:00,-2.197341830979432,-1.9396377794683028,-0.10035260791709774
2019-03-28 00:00:00,-2.1904540617574035,-1.9065270927133722,-0.2679928989644458
2019-03-29 00:00:00,-2.139120065120788,-1.8816503818076051,-0.2060305764388312
2019-04-01 00:00:00,-2.1742362973322464,-1.9175985261400497,-0.19733994369316132
2019-04-02 00:00:00,-2.161665503298771,-1.8866032001676871,-0.09608253618993906
2019-04-03 00:00:00,-2.173932848252346,-1.8995050172255996,-0.17002747279008135
2019-04-04 00:00:00,-2.2060103449481825,-1.9462486145446047,-0.22017121166186635
2019-04-05 00:00:00,-2.207241633077196,-1.966585078302281,-0.22003717905385384
2019-04-08 00:00:00,-2.198199167199854,-1.976842748440925,-0.2340437572693829
2019-04-09 00:00:00,-2.1769989316407297,-1.932340261136741,-0.19251381602051795
2019-04-10 00:00:00,-2.183225251343916,-1.9532217853832716,-0.17215157939197182
2019-04-11 00:00:00,-2.212463754274813,-1.9514316638345317,-0.23910449475417658
2019-04-12 00:00:00,-2.2501384608465633,-1.974427121277437,-0.23740510152744293
2019-04-15 00:00:00,-2.2398122905920475,-1.964771404271196,-0.29005563195540945
2019-04-16 00:00:00,-2.320575318886322,-2.0190671791796433,-0.3197116321889024
2019-04-17 00:00:00,-2.3638445806593507,-2.0480430773160716,-0.5755478795794317
2019-04-18 00:00:00,-2.3482629544638467,-1.9969602302284135,-0.45664272863346517
2019-04-22 00:00:00,-2.3091303658600557,-1.9459794383763418,-0.3275924657475508
2019-04-23 00:00:00,-2.2655387262609867,-1.9326048265902207,-0.0467575079779411
2019-04-24 00:00:00,-2.286364469597,-1.9378265018188885,-0.08268475458854817
2019-04-25 00:00:00,-1.8298975021236037,-1.8805386275024654,0.1228215981850287
2019-04-26 00:00:00,-1.7990715692734682,-1.8872228477405968,0.09391086403919126
2019-04-29 00:00:00,-1.8390864942836367,-1.9106163627013182,0.1533945378186623
2019-04-30 00:00:00,-1.809667941003498,-1.8879508718277027,-0.022937723623003635
2019-05-01 00:00:00,-1.7538626086738105,-1.9314687114391984,-0.15658410070357676
2019-05-02 00:00:00,-1.6900303478954943,-1.9393296034323773,-0.0975908476434816
2019-05-03 00:00:00,-1.6798281772894472,-1.9606086923629702,-0.012126250910655523
2019-05-06 00:00:00,-1.6554649856304573,-1.9148729731823984,0.06425720033615605
2019-05-07 00:00:00,-1.647646514977353,-1.9455003071370163,0.11204039455684678
2019-05-08 00:00:00,-1.6232748087014388,-1.8842423513481839,0.07768723774372226
2019-05-09 00:00:00,-1.5705588230149659,-1.8603730494142086,0.0763958966959221
2019-05-10 00:00:00,-1.5618688384687252,-1.8634995171063826,0.1072932186487626
2019-05-13 00:00:00,-1.558742311081152,-1.8665332153394976,0.0016177003288154951
2019-05-14 00:00:00,-1.5822671127045924,-1.8728329333753024,0.09327060951290517
2019-05-15 00:00:00,-1.5445458641272596,-1.8500319594940846,0.14489391123042336
2019-05-16 00:00:00,-1.469413778012649,-1.7890127895848942,0.318617617453057
2019-05-17 00:00:00,-1.4487926189865163,-1.7785734210696575,0.21466424243738652
2019-05-20 00:00:00,-1.388106683506917,-1.7890937118502293,0.15568289027275914
2019-05-21 00:00:00,-1.4029177262565236,-1.797915185684142,0.07482258967851385
2019-05-22 00:00:00,-1.4311670965735235,-1.7182248664512305,0.027663530144772797
2019-05-23 00:00:00,-1.3871625980241098,-1.701565502086519,-0.040720020864212655
2019-05-24 00:00:00,-1.406253613273097,-1.6942857698251983,0.035784134240605385
2019-05-28 00:00:00,-1.365821467671274,-1.6555906255564146,0.0800945953007789
2019-05-29 00:00:00,-1.3550373738376276,-1.6401746344823123,0.030001291251322705
2019-05-30 00:00:00,-1.3027878942282567,-1.54644304198797,-0.12324381724495352
2019-05-31 00:00:00,-1.3259685335207636,-1.4817483478691256,-0.12425767122844798
2019-06-03 00:00:00,-1.2430772965635437,-1.556190666462972,-0.25641844971856625
2019-06-04 00:00:00,-1.2020004879446138,-1.5584905652614176,0.04328354173716994
2019-06-05 00:00:00,-1.1826232987165926,-1.4448956795333272,-0.04586744957508833
2019-06-06 00:00:00,-1.1879693335150252,-1.432362897400951,-0.06804548034433715
2019-06-07 00:00:00,-1.1902264430693694,-1.3635773059221759,0.04081241765497717
2019-06-10 00:00:00,-1.2170854592767097,-1.3378905763216613,0.1709072267010241
2019-06-11 00:00:00,-1.2303004864250662,-1.4240787872448903,0.053263076864997747
2019-06-12 00:00:00,-1.1959911060276813,-1.3599311653475874,-0.014565274906041606
2019-06-13 00:00:00,-1.2328845874724235,-1.3881111949953089,-0.07931971956362079
2019-06-14 00:00:00,-1.1710365765617965,-1.3493850320659733,-0.09278809747631488
2019-06-17 00:00:00,-1.1721602958827204,-1.3467353600231022,-0.13712260414551405
2019-06-18 00:00:00,-1.1943118238943207,-1.3794890391549754,-0.04105187261829268
2019-06-19 00:00:00,-1.1492794351199973,-1.3274519138576364,-0.06259182605651668
2019-06-20 00:00:00,-1.2433102128202247,-1.3334239210582601,-0.14236782707555948
2019-06-21 00:00:00,-1.235168235459292,-1.3230359658789275,-0.16977512169815068
2019-06-24 00:00:00,-1.2193912225071755,-1.3149739759609043,-0.1433581847401924
2019-06-25 00:00:00,-1.1841828223887718,-1.308005394982581,-0.18736423952689704
2019-06-26 00:00:00,-1.2038002020807086,-1.3454511261045439,-0.21520455594592872
2019-06-27 00:00:00,-1.2049129066411204,-1.3555365410721603,-0.08053349088603255
2019-06-28 00:00:00,-1.218117056958676,-1.3597798336596034,0.11847691742556796
2019-07-01 00:00:00,-1.2369696244603399,-1.3657295434855017,0.09839674913194388
2019-07-02 00:00:00,-1.20017938965309,-1.2957323168349004,0.0017442683660699833
2019-07-03 00:00:00,-1.1969801849496222,-1.272410063327284,-0.056256938995963596
2019-07-05 00:00:00,-1.1748521900330386,-1.3035905188890144,-0.06832470311863696
2019-07-08 00:00:00,-1.125484242508422,-1.2884022775603432,-0.11958553941677111
2019-07-09 00:00:00,-1.0833685811528662,-1.273256032130248,-0.04768680875645805
2019-07-10 00:00:00,-1.047371498743145,-1.253346798399064,0.012558763963225333
2019-07-11 00:00:00,-1.1158572978602919,-1.187330492116547,-0.047778996773054125
2019-07-12 00:00:00,-1.2230853618270283,-1.1962648481869351,-0.21093812730705574
2019-07-15 00:00:00,-1.206870437201115,-1.1959762761313215,-0.24047297400881038
2019-07-16 00:00:00,-1.274766547945835,-1.1990082071134522,-0.21064791304708763
2019-07-17 00:00:00,-1.2368081415997816,-1.133818462186237,-0.24176385226088548
2019-07-18 00:00:00,-1.168798245479626,-1.1319314902249005,-0.20688726353216122
2019-07-19 00:00:00,-1.183882120432228,-1.1809245982011656,-0.18211348108869557
2019-07-22 00:00:00,-1.1701302405345,-1.1857971077387057,-0.1300791852240422
2019-07-23 00:00:00,-1.2213310726475208,-1.1933667929770644,-0.21393051926038226
2019-07-24 00:00:00,-1.268184647391123,-1.2261128801656798,-0.09307676290128249
2019-07-25 00:00:00,-1.2670925743899735,-1.1826471254322368,-0.369265746846461
2019-07-26 00:00:00,-1.1807691528510806,-1.164241465146396,-0.31812354143671995
2019-07-29 00:00:00,-1.2184479538381219,-1.1559707610245704,-0.37274070753667177
2019-07-30 00:00:00,-1.227323141003464,-1.2246340954561077,-0.10291741025569655
2019-07-31 00:00:00,-1.2000425431267145,-1.2201233361465156,-0.07250101702879154
2019-08-01 00:00:00,-1.1535904458120665,-1.0925709993720762,0.29536467340460587
2019-08-02 00:00:00,-1.0846311757569733,-1.081212612327736,0.23675205891966514
2019-08-05 00:00:00,-1.0792198787758152,-1.078877659891043,0.1101155986893527
2019-08-06 00:00:00,-0.8297114136254986,-0.9764246934670207,0.15280367604284803
2019-08-07 00:00:00,-0.8356143933167178,-0.9258981857927655,0.03819024967697434
2019-08-08 00:00:00,-0.7644047351039105,-0.8706186886809775,0.20156532773979788
2019-08-09 00:00:00,-0.7259564980911308,-0.7876483866161539,0.15271560853947483
2019-08-12 00:00:00,-0.7275163230030459,-0.7688485115309814,0.17573016155474308
2019-08-13 00:00:00,-0.7621140957138918,-0.7575653731947127,0.10819883695895173
2019-08-14 00:00:00,-0.7186132410466023,-0.6978156684177163,-0.057363998961047845
2019-08-15 00:00:00,-0.6598494478561711,-0.5573624978816432,-0.09043711346063406
2019-08-16 00:00:00,-0.7090166655974234,-0.6472981347003495,-0.05744702176587136
2019-08-19 00:00:00,-0.7027284590160422,-0.6530019713399189,0.05804536029289296
2019-08-20 00:00:00,-0.6825726176085652,-0.6358249941467617,0.014656874081872025
2019-08-21 00:00:00,-0.6460558597299294,-0.6028125743901159,0.07617444741684772
2019-08-22 00:00:00,-0.6654274251622618,-0.5960316154603835,0.14390436268144197
2019-08-23 00:00:00,-0.655504961915107,-0.533421444314509,0.16665581093367135
2019-08-26 00:00:00,-0.5823085853793812,-0.5296091088838418,0.20520921513153279
2019-08-27 00:00:00,-0.598784674405716,-0.45344521506726887,0.20745814191681308
2019-08-28 00:00:00,-0.6215340025503379,-0.5002379852873774,0.08384262856121118
2019-08-29 00:00:00,-0.6543052761729333,-0.5411270922727521,0.10032393108810879
2019-08-30 00:00:00,-0.6871718985475446,-0.5991996732997661,0.22584741627830185
2019-09-03 00:00:00,-0.6116645895150938,-0.5664814285020441,0.1966417520607671
2019-09-04 00:00:00,-0.6262325565792354,-0.6191538309559884,0.21016145009584603
2019-09-05 00:00:00,-0.6947904387818058,-0.6900573617911414,0.2818113360011207
2019-09-06 00:00:00,-0.6804717774941048,-0.6960463778246363,0.34108940017784667
2019-09-09 00:00:00,-0.7618685988580293,-0.9888673307317866,0.4877213027829885
2019-09-10 00:00:00,-0.9074927133278827,-1.1718992839904356,0.3998218956149382
2019-09-11 00:00:00,-0.9528506932699378,-1.1970755209562036,0.3353997978845783
2019-09-12 00:00:00,-0.9734963992911055,-1.1683005121147891,0.19483883425811369
2019-09-13 00:00:00,-1.0065206162840372,-1.2124879719940849,0.13929331504077877
2019-09-16 00:00:00,-1.009934328878189,-1.2527512770819573,0.18614042299398914
2019-09-17 00:00:00,-0.9083731082773548,-1.1572547691752775,0.2650046884133397
2019-09-18 00:00:00,-0.8757200480889071,-1.1360623777802472,0.12886229848486744
2019-09-19 00:00:00,-0.8427418354934441,-1.1150774180787753,0.25399832186710297
2019-09-20 00:00:00,-0.8031075803587753,-1.1124033871793488,0.2101847597102229
2019-09-23 00:00:00,-0.8165923913369901,-1.1236039105573636,0.12973606420236447
2019-09-24 00:00:00,-0.7791941651090745,-1.087925477426978,0.1347742528079416
2019-09-25 00:00:00,-0.7718676438278771,-1.092279244066681,0.1764458495134449
2019-09-26 00:00:00,-0.7366743804665901,-1.0568259034670606,0.18008191212290744
2019-09-27 00:00:00,-0.8041206675494446,-1.1242014718481461,-0.10968379902055456
2019-09-30 00:00:00,-0.78426258768366,-1.0951827203091322,-0.09560790111137792
2019-10-01 00:00:00,-0.6542004017953708,-1.0314571462037085,-0.15229501023911
2019-10-02 00:00:00,-0.671387160862229,-1.018513865206389,-0.10606893006339141
2019-10-03 00:00:00,-0.6124020829500838,-0.9859393460667667,-0.07777526926508618
2019-10-04 00:00:00,-0.5552748416397694,-0.9420337360928488,-0.06183293619160997
2019-10-07 00:00:00,-0.5329662395050503,-0.9472450371866236,-0.06267910134363967
2019-10-08 00:00:00,-0.49294176661393524,-0.8968457500711031,-0.20163868169013535
2019-10-09 00:00:00,-0.4720236684419166,-0.8684352688239445,-0.18025520949366816
2019-10-10 00:00:00,-0.4750998509349069,-0.8378816193812673,-0.22877925681255704
2019-10-11 00:00:00,-0.5659550693258738,-0.9188689837906953,-0.23930850993725922
2019-10-14 00:00:00,-0.6594563144502402,-0.9021385973969475,-0.17779388596717757
2019-10-15 00:00:00,-0.6552702858617863,-0.9171596004856017,-0.09998586979915182
2019-10-16 00:00:00,-0.6588944333052718,-0.9180333805013381,-0.15924635378995614
2019-10-17 00:00:00,-0.671850774079881,-0.9141994704433136,-0.2770289775403328
2019-10-18 00:00:00,-0.6719566623484281,-0.9415699810016797,-0.4545214265530979
2019-10-21 00:00:00,-0.76305347486986,-1.019777135208819,-0.4770594467968284
2019-10-22 00:00:00,-0.8845202694707945,-1.1433573698424995,-0.4292110726952014
2019-10-23 00:00:00,-0.9330817570237543,-1.2028936530063208,-0.379251901315472
2019-10-24 00:00:00,-0.7735706170801386,-1.0967057852383832,-0.20085960369767783
2019-10-25 00:00:00,-0.8180513650869039,-1.0648796266079685,-0.2947679322350708
2019-10-28 00:00:00,-0.8542095292832965,-0.9967120907362171,-0.32877713097331057
2019-10-29 00:00:00,-0.8239168818169725,-1.029268180750067,-0.17663023468730243
2019-10-30 00:00:00,-0.7802208172686748,-0.9692707137533003,-0.12971250264422152
2019-10-31 00:00:00,-0.7089014143341321,-0.9957260533355883,-0.13164374097399578
2019-11-01 00:00:00,-0.8679742287567966,-1.0652843934249556,-0.2842011437554057
2019-11-04 00:00:00,-0.9697845417481952,-1.2366730041641176,-0.3138052691696012
2019-11-05 00:00:00,-1.0916514387872536,-1.2713593901560656,-0.3158621914344573
2019-11-06 00:00:00,-1.0372889876215878,-1.1707290980788352,-0.3957987224936003
2019-11-07 00:00:00,-1.0579897433800176,-1.1837356299924335,-0.4656581751088884
2019-11-08 00:00:00,-1.1163996398817542,-1.185036990908485,-0.49891214859352534
2019-11-11 00:00:00,-1.0830757228381553,-1.1289831916050366,-0.5375557278468838
2019-11-12 00:00:00,-1.0919360086986745,-1.1123533297452968,-0.5617045845570948
2019-11-13 00:00:00,-1.1067136542449558,-1.0249943525229408,-0.6805872055730986
2019-11-14 00:00:00,-1.1190618576911713,-0.9936065103972384,-0.6051289738054849
2019-11-15 00:00:00,-1.0917618670508606,-1.029603201421883,-0.5863345507693697
2019-11-18 00:00:00,-1.0439899715429828,-0.9719217252705866,-0.695359140343935
2019-11-19 00:00:00,-1.0065021177216422,-0.8867089674647136,-0.6376951270156671
2019-11-20 00:00:00,-0.9727687274865628,-0.8811536251958857,-0.5885750403999286
2019-11-21 00:00:00,-0.9330608775232301,-0.9171164348930583,-0.5091404217602177
2019-11-22 00:00:00,-0.9900394993027533,-0.9711189542237851,-0.4713983954888357
2019-11-25 00:00:00,-1.0181297730749206,-0.9700640508697326,-0.33967256302187093
2019-11-26 00:00:00,-0.9664585626416591,-0.8974713209923676,-0.4335515404564312
2019-11-27 00:00:00,-0.9985643597258319,-0.9038344705329205,-0.4313972274517328
2019-11-29 00:00:00,-1.0118130117339414,-0.875327836691339,-0.44304297563938677
2019-12-02 00:00:00,-0.9999168237159418,-0.9232109485165906,-0.48730015766051976
2019-12-03 00:00:00,-0.9255679277563699,-0.9021010113791007,-0.4436717106115876
2019-12-04 00:00:00,-0.9832651034693677,-0.9400050023368928,-0.438229067635428
2019-12-05 00:00:00,-0.9212960002120644,-0.9306582481139146,-0.4444825333166665
2019-12-06 00:00:00,-1.0119887684196456,-0.9362505800622175,-0.4114086142870266
2019-12-09 00:00:00,-0.9945329435275772,-1.0027575278135799,-0.5271702207419676
2019-12-10 00:00:00,-0.9145096033557002,-1.0266191071778437,-0.6044823087867818
2019-12-11 00:00:00,-0.9147864220616189,-0.9968059097322062,-0.5217678677240537
2019-12-12 00:00:00,-0.8919983995856197,-1.075603230597568,-0.49949815634968975
2019-12-13 00:00:00,-0.8932470017390732,-0.9986211383487326,-0.4816428196896605
2019-12-16 00:00:00,-0.8792335331569437,-1.0287535087997126,-0.41722786168677867
2019-12-17 00:00:00,-0.8483633987989788,-1.077554544268045,-0.35140051386716725
2019-12-18 00:00:00,-0.8344511302666521,-1.1246174492961916,-0.30891788598282355
2019-12-19 00:00:00,-0.8488603464669826,-1.1231246233316856,-0.3050302173326421
2019-12-20 00:00:00,-0.8125075475118156,-1.1368507895303768,-0.18115160989846446
2019-12-23 00:00:00,-0.874680293821843,-1.1446022020363478,-0.15542856634551083
2019-12-24 00:00:00,-0.8301464989183305,-1.1409564548495716,-0.17366986127052872
2019-12-26 00:00:00,-0.8259620889688614,-1.1161863245193955,-0.14792025453007057
2019-12-27 00:00:00,-0.8326441485212447,-1.080137759842652,-0.13719949218135688
2019-12-30 00:00:00,-0.8318138142475568,-1.1065390527618624,-0.18662480508439133
2019-12-31 00:00:00,-0.8389882890675767,-1.1408799065593265,-0.18536926395258863
2020-01-02 00:00:00,-0.8598214072609831,-1.0577050530693317,-0.039289230605219834
2020-01-03 00:00:00,-0.8322824476027756,-1.0097920820556674,-0.026821349791163605
2020-01-06 00:00:00,-0.8593880934866226,-0.9880290805731211,0.029406071028484373
2020-01-07 00:00:00,-0.8361824727045136,-0.9825496583731942,0.14528958598066796
2020-01-08 00:00:00,-0.890656176798838,-0.9066309715560681,0.12371417824734368
2020-01-09 00:00:00,-0.8592235892703933,-0.8652654958024595,0.14173146352050334
2020-01-10 00:00:00,-0.8347909428010641,-0.8777190966620168,0.1541653712163698
2020-01-13 00:00:00,-0.8209577392673729,-0.8901380605066492,0.04838285788180553
2020-01-14 00:00:00,-0.8113532511543883,-0.9321691706505201,0.0970458947020295
2020-01-15 00:00:00,-0.7549643359230127,-0.8784103872687758,0.020294612584780356
2020-01-16 00:00:00,-0.7560094896415733,-0.8890408589077223,0.028587945235623816
2020-01-17 00:00:00,-0.7412679931271454,-0.8626312952756974,-0.011996987041866353
2020-01-21 00:00:00,-0.6679708390778755,-0.7959834634453581,-0.11629997002850481
2020-01-22 00:00:00,-0.6536457990952885,-0.7741439353115436,-0.04132973980305568
2020-01-23 00:00:00,-0.719241635179451,-0.7521416707725627,-0.1277213392368907
2020-01-24 00:00:00,-0.7727274118337234,-0.7158625151422442,-0.2717519109554932
2020-01-27 00:00:00,-0.7361805519972514,-0.6838706593909686,-0.35724630049992423
2020-01-28 00:00:00,-0.4992206617350839,-0.6794310297643656,-0.15728643458966857
2020-01-29 00:00:00,-0.42514374190426996,-0.6567377863580002,-0.043656944575025204
2020-01-30 00:00:00,-0.4458497023925201,-0.6737786319388893,0.09574388236115021
2020-01-31 00:00:00,-0.4586497778333352,-0.6934148963338524,0.1146111410967029
2020-02-03 00:00:00,-0.387135750923273,-0.6632927185639853,0.2345591532837549
2020-02-04 00:00:00,-0.32141297383925455,-0.6498539486795953,0.3104836300132291
2020-02-05 00:00:00,-0.4455570063867633,-0.7003225954056532,0.3218089911626565
2020-02-06 00:00:00,-0.4319156712887621,-0.6500067947086905,0.41145252925557063
2020-02-07 00:00:00,-0.37902296806226493,-0.6434895596633687,0.32576911451853546
2020-02-10 00:00:00,-0.2991958648857912,-0.6174839879904754,0.302009224943259
2020-02-11 00:00:00,-0.31149942461137614,-0.61474869189376,0.29065051774642825
2020-02-12 00:00:00,-0.36030949093544057,-0.602386379340969,0.36447248141458094
2020-02-13 00:00:00,-0.2677367015294152,-0.5633528127969404,0.26330400630267053
2020-02-14 00:00:00,-0.3088068405837896,-0.45497834063597276,0.27103165928197837
2020-02-18 00:00:00,-0.27843087614061524,-0.4460867333720233,0.2215164508764234
2020-02-19 00:00:00,-0.2785595859086472,-0.46016606000493804,0.3733661397519605
2020-02-20 00:00:00,-0.27429993934757346,-0.49641263332876423,0.11529178294245475
2020-02-21 00:00:00,-0.27087174508625467,-0.4770600888511066,-0.06292971076985782
2020-02-24 00:00:00,-0.2679347625829429,-0.4378784910603017,-0.25740813552125147
2020-02-25 00:00:00,-0.23054377589515374,-0.396831496630347,-0.3392956262148712
2020-02-26 00:00:00,-0.24447207026547685,-0.2855936504823558,-0.45425517282420846
2020-02-27 00:00:00,-0.3205801580193975,-0.2421180517530476,-0.40181596318614643
2020-02-28 00:00:00,-0.31821382915608276,-0.25613955175649394,-0.10689611014586571
2020-03-02 00:00:00,-0.2658251218708519,-0.19280332151105614,-0.09046029152788655
2020-03-03 00:00:00,-0.1403465009279477,-0.13432440097055776,-0.13497437886428704
2020-03-04 00:00:00,-0.18102644383004282,0.06373740938643352,-0.16656950441911694
2020-03-05 00:00:00,-0.21810243792469483,0.1216829395784969,-0.29960670655515115
2020-03-06 00:00:00,-0.32088438795128765,0.24767397095319124,-0.504146262946889
2020-03-09 00:00:00,-0.2912095539119837,0.8733384615817325,-1.039493570493594
2020-03-10 00:00:00,-0.4142385464503677,0.7959674988870534,-0.8462175557031402
2020-03-11 00:00:00,-0.3463107123737627,0.9759999319322707,-0.8674610223350877
2020-03-12 00:00:00,-0.2912919154947335,1.4059914422875213,-1.3056267842834193
2020-03-13 00:00:00,-0.34308697072930305,1.2211812509427367,-1.0987958077273414
2020-03-16 00:00:00,-0.5931398369372719,1.5160372718411377,-1.4894015651952612
2020-03-17 00:00:00,-0.5613045254155639,1.9548266960521998,-1.860934112201725
2020-03-18 00:00:00,-0.7718135970485588,2.525290273329454,-2.1000468704906887
2020-03-19 00:00:00,-0.8879653714369193,2.1651026651163447,-1.6755031982413842
2020-03-20 00:00:00,-0.6294493748187381,1.8586627198995,-1.4026409799951638
2020-03-23 00:00:00,-0.716277864947743,1.8840229017404666,-2.068030314826303
2020-03-24 00:00:00,-0.7335424436421129,1.5239177220243678,-1.228780610174218
2020-03-25 00:00:00,-0.5741380866439606,1.2953054915226307,-0.8391542553710225
2020-03-26 00:00:00,-0.4139283498236142,1.4104653913519372,-0.6226526997181417
2020-03-27 00:00:00,-0.5130099876603355,1.5632293040787324,-0.9603413520410998
2020-03-30 00:00:00,-0.4824076867023103,1.8130522090606236,-0.8712098876126627
2020-03-31 00:00:00,-0.4273501411360248,1.688688839807356,-0.6309864361045514
2020-04-01 00:00:00,-0.5064609782109589,1.98171676805798,-0.9413631842635409
2020-04-02 00:00:00,-0.5037552253247289,2.059516255407896,-1.0687904480383208
2020-04-03 00:00:00,-0.44736082281008893,2.018108075268077,-1.2269005024575859
2020-04-06 00:00:00,-0.28885014477800064,1.8592128363047362,-0.8032422223656827
2020-04-07 00:00:00,-0.39126793417093775,1.5716026789761113,-0.7326994831785751
2020-04-08 00:00:00,-0.4567177653116676,1.371571331157425,-0.6491097914423032
2020-04-09 00:00:00,-0.3945093667441857,1.2156590925828261,-0.6385480884845584
2020-04-13 00:00:00,-0.5094289227402609,1.324312742450479,-0.8005992739593554
2020-04-14 00:00:00,-0.46679622478367505,1.4726412050339897,-0.7854550563586747
2020-04-15 00:00:00,-0.46098376568867655,1.7935663999100222,-0.8451734152173506
2020-04-16 00:00:00,-0.3596107144607494,2.110962339472752,-1.0191991838488037
2020-04-17 00:00:00,-0.3138297896626474,1.8414877638738458,-0.720841090411986
2020-04-20 00:00:00,-0.3343991101063923,1.8678828011537698,-0.8244519326779011
2020-04-21 00:00:00,-0.3564401243002986,1.8667818128994578,-0.9568146207676083
2020-04-22 00:00:00,-0.3721580977525345,1.9113222953393436,-1.0240512219425728
2020-04-23 00:00:00,-0.44227435033368223,1.7771423886625688,-1.0489414591028003
2020-04-24 00:00:00,-0.44270327652788277,1.7587432978497417,-1.057635905288793
2020-04-27 00:00:00,-0.5438838448217134,1.578784652278799,-1.0663197912251223
2020-04-28 00:00:00,-0.734046911661122,1.3127989071370074,-0.9230626625944379
2020-04-29 00:00:00,-0.642888294495905,1.0436488469593854,-0.6003269992296519
2020-04-30 00:00:00,-0.46234942883486424,1.2066221258274987,-0.4878670094412256
2020-05-01 00:00:00,-0.43657155813491993,1.4692615475667516,-0.6372184704479643
2020-05-04 00:00:00,-0.4345662186766264,1.5056280569205927,-0.6618300369849784
2020-05-05 00:00:00,-0.32063524794248777,1.6980602971868541,-0.6000867188051499
2020-05-06 00:00:00,-0.4310957766711466,1.8614635190607651,-0.4926204279240515
2020-05-07 00:00:00,-0.45755259841013235,1.745012659312813,-0.49312689769185875
2020-05-08 00:00:00,-0.4856519816829967,1.4155738142683278,-0.6377285326159341
2020-05-11 00:00:00,-0.4036314408789575,1.6912918312492402,-0.6976804901087162
2020-05-12 00:00:00,-0.37137688251379064,1.7627850251619959,-0.9654638140175685
2020-05-13 00:00:00,-0.2744323171616837,2.037389280105699,-0.9807174507862333
2020-05-14 00:00:00,-0.19602819912816993,1.9201477202235069,-0.9427080152898993
2020-05-15 00:00:00,-0.22151461715981663,2.0163152803125657,-1.0147454513766259
2020-05-18 00:00:00,-0.35660072778926794,1.5755220982386904,-0.8350470276386833
2020-05-19 00:00:00,-0.26909198320119504,1.6508591584324221,-0.6629382596380341
2020-05-20 00:00:00,-0.31978564845634944,1.5143686834679833,-0.5851766411174085
2020-05-21 00:00:00,-0.34015272277987857,1.4854412691233618,-0.6351877588956566
2020-05-22 00:00:00,-0.3589380609563098,1.5361859056497644,-0.6800637669984307
2020-05-26 00:00:00,-0.46906245564796334,1.183804130310113,-0.6035520330556087
2020-05-27 00:00:00,-0.4694473657234912,1.0672696070174195,-0.6250528050486412
2020-05-28 00:00:00,-0.38652329047206313,1.332153362902461,-0.7127409873392566
2020-05-29 00:00:00,-0.3500518338491839,1.497894543863126,-0.918220324156801
2020-06-01 00:00:00,-0.35646430589808964,1.3487469748201533,-0.929714413129443
2020-06-02 00:00:00,-0.32738462525725776,1.2469705600638281,-0.862039583581922
2020-06-03 00:00:00,-0.37433659893372306,1.0031077733325944,-0.8708494189517015
2020-06-04 00:00:00,-0.44470728835044115,0.7558828918481312,-0.9678761096722097
2020-06-05 00:00:00,-0.5260283262384933,0.5121759744103325,-0.7919329001942864
2020-06-08 00:00:00,-0.5094832897119023,0.23480721917259997,-0.8572294385484833
2020-06-09 00:00:00,-0.5621720527525645,0.4380476839272769,-0.8163726296987724
2020-06-10 00:00:00,-0.48421461325982806,0.7862012815565331,-0.7822369079419769
2020-06-11 00:00:00,-0.4606287718757389,1.0103978336364388,-0.9778507118776318
2020-06-12 00:00:00,-0.4402867273526378,0.8051362575853608,-0.9152220323388798
2020-06-15 00:00:00,-0.5155968519987963,0.7710746169318082,-0.940504934907914
2020-06-16 00:00:00,-0.48557274785895344,0.7453857557342034,-0.7515366642729837
2020-06-17 00:00:00,-0.46412729522719814,0.9089543227069532,-0.9660735552945319
2020-06-18 00:00:00,-0.4500037620518786,0.901541050793552,-0.9514669638251677
2020-06-19 00:00:00,-0.4290920829811809,1.0231034051748293,-0.9374499459277023
2020-06-22 00:00:00,-0.41055784791255934,1.0899882291027716,-1.0077292489029952
2020-06-23 00:00:00,-0.4068169921631427,1.0927416926482927,-0.9806562009245302
2020-06-24 00:00:00,-0.3808967996665517,1.262990491570067,-1.0521334813002123
2020-06-25 00:00:00,-0.4074240660560721,1.2777435237073471,-1.1168318056035724
2020-06-26 00:00:00,-0.42551983863124404,1.4474526777508256,-1.1712428205699272
2020-06-29 00:00:00,-0.5035865481938019,1.2968901647335833,-1.1850447932097457
2020-06-30 00:00:00,-0.3942574261370826,1.299403272391073,-0.9868518073911713
2020-07-01 00:00:00,-0.3795757918637142,1.4759950446917183,-0.9177716814551543
2020-07-02 00:00:00,-0.40112732868149287,1.45151897411248,-0.8416038618997558
2020-07-06 00:00:00,-0.4008830320606512,1.444430867679714,-0.8186115297890493
2020-07-07 00:00:00,-0.33887437891625494,1.6137898830682784,-0.9865699701878354
2020-07-08 00:00:00,-0.3256629650458598,1.6499431139386824,-0.8679580323886533
2020-07-09 00:00:00,-0.2872175423979211,1.8849035396682121,-0.94825429267167
2020-07-10 00:00:00,-0.32923435518759353,1.638523389306806,-0.9161273508639888
2020-07-13 00:00:00,-0.34141072305332165,1.540008553815921,-0.8649927717784348
2020-07-14 00:00:00,-0.36919180855295075,1.5849052900871758,-0.7405058132759199
2020-07-15 00:00:00,-0.32906607131398846,1.4162989545689295,-0.673458877720213
2020-07-16 00:00:00,-0.34714639840965217,1.4093888116140412,-0.7392439655648443
2020-07-17 00:00:00,-0.2966102500543366,1.541724834804714,-0.6208082864637335
2020-07-20 00:00:00,-0.19988192344616712,1.7465773821391066,-0.808551852868493
2020-07-21 00:00:00,-0.2490332461418831,1.5352556911937947,-0.7031031273619296
2020-07-22 00:00:00,-0.2648751473952727,1.596127115281337,-0.7933739883843367
2020-07-23 00:00:00,-0.2988084638054258,1.5148666539505842,-0.8742960235588026
2020-07-24 00:00:00,-0.3063416253419241,1.5320577032235771,-0.9198022405499422
2020-07-27 00:00:00,-0.31416747037886966,1.692382895549767,-0.9253156327641126
2020-07-28 00:00:00,-0.17878042612676,1.6142590555140877,-0.8599562309105719
2020-07-29 00:00:00,-0.16293097541972593,1.5547703189615194,-0.7980730436776947
2020-07-30 00:00:00,-0.047006134275545515,1.669087976338706,-0.7829359469834082
2020-07-31 00:00:00,0.04062292039852673,1.712923308500482,-0.9006099397238213
2020-08-03 00:00:00,0.09973624593704922,1.7177849873781024,-1.0184657704794684
2020-08-04 00:00:00,0.1059404074108626,1.6450565588202908,-1.0464935726652056
2020-08-05 00:00:00,0.06294601878681604,1.6525837654136273,-1.026323174656426
2020-08-06 00:00:00,0.12071530866798773,1.6431398946792024,-1.0991450199777177
2020-08-07 00:00:00,0.026406603471040926,1.517935188908037,-1.0139314169877593
2020-08-10 00:00:00,-0.05008584595554799,1.2652481268759228,-0.8684664889006474
2020-08-11 00:00:00,-0.11053080438327897,1.2096197606589547,-0.9029014224010268
2020-08-12 00:00:00,-0.07924662637884676,1.3485860009305237,-0.991865127191253
2020-08-13 00:00:00,-0.11922976987319249,1.4758814984399655,-1.0321379507641606
2020-08-14 00:00:00,-0.15982139339314863,1.388381525235397,-1.0727451364422917
2020-08-17 00:00:00,-0.1261508808923438,1.501700337321772,-1.0877894370214913
2020-08-18 00:00:00,-0.06566235274425325,1.5837116412434662,-1.0960775593090177
2020-08-19 00:00:00,-0.08907455682709943,1.5811502073659145,-1.1764565262455051
2020-08-20 00:00:00,-0.07071490255412033,1.709874444968307,-1.3138125305025232
2020-08-21 00:00:00,-0.07814129444005764,1.7643311293203379,-1.370677269849799
2020-08-24 00:00:00,-0.14515933818412494,1.562328963870208,-1.3177493185691707
2020-08-25 00:00:00,-0.10078479964264021,1.6284485105748256,-1.3736476336051386
2020-08-26 00:00:00,-0.09289445729635937,1.7905849031322043,-1.575717630921542
2020-08-27 00:00:00,-0.09927012999756062,1.6877797897736793,-1.4900561650520254
2020-08-28 00:00:00,-0.12162962635394303,1.626536045527135,-1.463798908793655
2020-08-31 00:00:00,-0.06938739170563485,1.7761348676406954,-1.528583821494068
2020-09-01 00:00:00,-0.06548669111371415,1.8470808751501577,-1.5729636123407549
2020-09-02 00:00:00,-0.0909683949253021,1.8606086370670978,-1.4443382859393075
2020-09-03 00:00:00,-0.15745470380946622,1.6462800278382785,-1.3011274896159342
2020-09-04 00:00:00,-0.17817577392649253,1.4752942027528702,-1.2007214866359037
2020-09-08 00:00:00,-0.2038403332423662,1.5362710505760249,-1.251434517978543
2020-09-09 00:00:00,-0.14378312624820258,1.6491401747050922,-1.3320926665716013
2020-09-10 00:00:00,-0.11123216688164628,1.7014711658477566,-1.3187090074782484
2020-09-11 00:00:00,-0.1589593404856171,1.6632413826528607,-1.2858575421409546
2020-09-14 00:00:00,-0.15731509681499453,1.6116741894572661,-1.3636345510953465
2020-09-15 00:00:00,-0.09448647490610039,1.7108887230589473,-1.4375589946045109
2020-09-16 00:00:00,-0.16918585159756105,1.535362684721329,-1.1864386742381217
2020-09-17 00:00:00,-0.2369186778300026,1.4871953243421174,-1.242396689797906
2020-09-18 00:00:00,-0.17730946171047682,1.5142182790927412,-1.291188052913755
2020-09-21 00:00:00,-0.020386318375554713,1.7354273690799618,-1.4271465746842313
2020-09-22 00:00:00,-0.02885676005529732,1.8491750752985119,-1.4326641819499413
2020-09-23 00:00:00,-0.016345488979304774,1.9202286950434517,-1.2932366997603253
2020-09-24 00:00:00,-0.06078890422529839,1.8890807626450863,-1.33371184986796
2020-09-25 00:00:00,-0.0016979341807605694,1.9638104852349316,-1.2745857564636482
2020-09-28 00:00:00,-0.019402224780457167,1.895167241505802,-1.3288922453921725
2020-09-29 00:00:00,0.039054163352016,2.0330967646679188,-1.3666299177283945
2020-09-30 00:00:00,0.08700277697000461,2.0524907425710013,-1.309500415623615
2020-10-01 00:00:00,0.08881810818907335,2.1502927008586754,-1.323009828748246
2020-10-02 00:00:00,0.04884723416578936,1.9621805499661056,-1.3237103484392194
2020-10-05 00:00:00,0.0006227011644387233,1.9358726454241255,-1.3675402669881718
2020-10-06 00:00:00,-0.02653971499012083,1.9251953281960894,-1.340628662802978
2020-10-07 00:00:00,-0.13903464782945843,1.9242025506199365,-1.2411233750331025
2020-10-08 00:00:00,-0.09871693094951543,1.7689176092948107,-1.1275198830829436
2020-10-09 00:00:00,-0.0851959003496274,1.8969256445938896,-1.041666407976643
2020-10-12 00:00:00,-0.014667285652664319,1.9339082623751853,-1.0338203375968782
2020-10-13 00:00:00,-0.03751776597719272,2.1070898202753985,-1.2244120045209255
2020-10-14 00:00:00,-0.1021832286641297,2.089662222140809,-1.1886930934716968
2020-10-15 00:00:00,-0.12763872092296127,1.9935099350627066,-1.2480796148734155
2020-10-16 00:00:00,-0.15169769292526264,2.0908095881974202,-1.2074024146443025
2020-10-19 00:00:00,-0.194480353387305,2.073559437800308,-1.2080761212973492
2020-10-20 00:00:00,-0.22217952823778833,1.9823410760189437,-1.2191586766404163
2020-10-21 00:00:00,-0.1603442714391196,1.9872758049845074,-1.3136566137397694
2020-10-22 00:00:00,-0.16549105925735488,1.7987972603392042,-0.7157168218349625
2020-10-23 00:00:00,-0.12743649904932003,1.8240551767389965,-0.7418873077274531
2020-10-26 00:00:00,-0.11777231752402545,1.9318746923791077,-0.8181195192160233
2020-10-27 00:00:00,0.018970803631087683,2.0074321889365723,-0.875491598498488
2020-10-28 00:00:00,-0.005737749602736482,2.0585456203543804,-0.7432127178969277
2020-10-29 00:00:00,0.044178118174664605,1.921857599123019,-0.6599342432255305
2020-10-30 00:00:00,-0.036609972248735086,1.817654265087181,-0.6974649812667401
2020-11-02 00:00:00,-0.00985688101852956,1.6977689501775217,-0.5911843936307892
2020-11-03 00:00:00,-0.05404392026950444,1.754709688502566,-0.6115464717668913
2020-11-04 00:00:00,0.25683500820648925,2.060353392169756,-0.37314795967754233
2020-11-05 00:00:00,0.1354138663384894,1.9913490961783307,-0.37940398916478657
2020-11-06 00:00:00,0.10850190520583736,2.141872740773689,-0.486705918019439
2020-11-09 00:00:00,0.0248227965269038,1.3856695402883208,-0.12895976629564582
2020-11-10 00:00:00,-0.13310206779192515,1.2105817316090992,-0.07455991526552458
2020-11-11 00:00:00,-0.08871079183416013,1.3630930073368615,-0.037138537642728876
2020-11-12 00:00:00,-0.0439442613777165,1.5167951867440541,-0.06766652551799648
2020-11-13 00:00:00,-0.08371153862591549,1.3210795929334525,0.1649355996018827
2020-11-16 00:00:00,-0.16712507394589857,1.095357268215402,0.3081426545872024
2020-11-17 00:00:00,-0.1605123970202611,1.0544305238000793,0.3911130998152927
2020-11-18 00:00:00,-0.15660248194396773,1.0783673505381892,0.324918298715428
2020-11-19 00:00:00,-0.13405649256088475,1.0576247140961406,0.222256900376341
2020-11-20 00:00:00,-0.15938938792849341,1.0940019119084727,0.14516614395189653
2020-11-23 00:00:00,-0.21716822697726643,0.8572615844189254,0.31883526006176516
2020-11-24 00:00:00,-0.3326824921671247,0.6087009213789094,0.4433588961471751
2020-11-25 00:00:00,-0.3503433383507674,0.6857038335570455,0.35884441503031167
2020-11-27 00:00:00,-0.3213638612707509,0.7790523635355585,0.35079703244799226
2020-11-30 00:00:00,-0.2680711177944294,0.9844667427975943,0.2671101476154373
2020-12-01 00:00:00,-0.2086936617067876,0.9421882935817678,0.2299251067891603
2020-12-02 00:00:00,-0.28011745491135454,0.8131154085835766,0.37081835571075
2020-12-03 00:00:00,-0.31699711767391897,0.7416962984022023,0.41992003872174405
2020-12-04 00:00:00,-0.31096399683595516,0.6018747338953799,0.6213433278628078
2020-12-07 00:00:00,-0.258861109461869,0.6482623749360503,0.5562757691273971
2020-12-08 00:00:00,-0.2904221636035219,0.6597490116474907,0.5195775398954734
2020-12-09 00:00:00,-0.347085936818035,0.5645958584611681,0.6065081984831415
2020-12-10 00:00:00,-0.3262371087348461,0.5287660651781758,0.6326521665461162
2020-12-11 00:00:00,-0.3079957045027982,0.6047051133621426,0.5324789459032889
2020-12-14 00:00:00,-0.2916299724614642,0.7262506045220488,0.5679896703517844
2020-12-15 00:00:00,-0.2725244458699531,0.6412222919621215,0.7238619640265792
2020-12-16 00:00:00,-0.3115854350874108,0.696250512282046,0.6176568613544957
2020-12-17 00:00:00,-0.2933596543445307,0.772527554325201,0.5273354490958861
2020-12-18 00:00:00,-0.27143866221683866,0.9056131360424213,0.26716990460365747
2020-12-21 00:00:00,-0.31175737086950306,0.942765706098013,0.16866086027441457
2020-12-22 00:00:00,-0.2768291716051891,1.0306113529616412,0.14793563630992868
2020-12-23 00:00:00,-0.3011828018662867,0.9081755425640945,0.12352713516666894
2020-12-24 00:00:00,-0.29371383953824554,0.9510866000614053,0.11193114516859999
2020-12-28 00:00:00,-0.26476132550152026,0.9844916162836603,0.11688556048604744
2020-12-29 00:00:00,-0.23527482440127456,1.0194699087067236,0.19809330956503055
2020-12-30 00:00:00,-0.21796137532713294,0.9623186205471483,0.2336836658884063
2020-12-31 00:00:00,-0.20681307104073673,0.9961883755722948,0.28888710718070265
2021-01-04 00:00:00,-0.1904141185128924,0.9730485282976997,0.28716946434564566
2021-01-05 00:00:00,-0.16339057210837343,0.8528746795592266,0.27614033277669375
2021-01-06 00:00:00,-0.16499616694502847,0.6583660814391888,0.4196413678001399
2021-01-07 00:00:00,-0.08643118028186321,0.745125415455884,0.2971944863285687
2021-01-08 00:00:00,-0.00798964872996425,0.8269340610486448,0.2746107907838775
2021-01-11 00:00:00,0.0425458548223708,0.7387647513550905,0.36230453396832973
2021-01-12 00:00:00,-0.04319803892562913,0.5637104643543343,0.24902183589838145
2021-01-13 00:00:00,-0.11845068229260973,0.5428632246888501,0.23643785336326317
2021-01-14 00:00:00,-0.1400912351010876,0.36305685356313555,0.16615962188444028
2021-01-15 00:00:00,-0.11222578895661037,0.3906728320260255,0.22436170619367657
2021-01-19 00:00:00,-0.154654114886904,0.44378857820296885,0.2506912040759196
2021-01-20 00:00:00,-0.15977413446183,0.5260085262079468,0.36247172600566757
2021-01-21 00:00:00,-0.14703103698358966,0.5874540085516694,0.09859404508811058
2021-01-22 00:00:00,-0.13857401347131734,0.5660540186996619,0.11313414830273198
2021-01-25 00:00:00,-0.20184701406112218,0.5686950656036498,0.13099236074696946
2021-01-26 00:00:00,-0.33414279961011556,0.5624911242657341,-0.011530270661766942
2021-01-27 00:00:00,-0.6502260509653124,0.4506663550797503,-0.12920839766730013
2021-01-28 00:00:00,-0.5272510101725492,0.5295001624218791,0.19542041673348298
2021-01-29 00:00:00,-0.43786563276483614,0.5652782546634143,0.25680031032199546
2021-02-01 00:00:00,-0.39383717077140723,0.6140822588505056,0.19767608633842323
2021-02-02 00:00:00,-0.3633593902673625,0.6635247453385659,0.17916600779108147
2021-02-03 00:00:00,-0.41483201302764255,0.45109303551392754,0.09206454000869622
2021-02-04 00:00:00,-0.4055156268057675,0.41085722815721504,0.25302204300518943
2021-02-05 00:00:00,-0.3965536987677345,0.39147538088848305,0.24313208501220027
2021-02-08 00:00:00,-0.4124973925594763,0.3138094868379311,0.13093084003516187
2021-02-09 00:00:00,-0.41933246434179483,0.35188367659453573,0.004098376130413453
2021-02-10 00:00:00,-0.40631951980700864,0.30261798997103884,0.1374592699680038
2021-02-11 00:00:00,-0.2908087017034544,0.37608748933355896,0.17732906125837938
2021-02-12 00:00:00,-0.27410320817134715,0.3673450876696453,0.27850123644487523
2021-02-16 00:00:00,-0.2449627752155977,0.255517772303291,0.3394599231742728
2021-02-17 00:00:00,-0.1971332155706145,0.22195635651818388,0.3299460511906677
2021-02-18 00:00:00,-0.2626203309007665,0.2707983522986081,0.21921890859878826
2021-02-19 00:00:00,-0.3646328916706738,0.1750011053825486,0.23884751123057416
2021-02-22 00:00:00,-0.35404741664603323,-0.013021678557191363,0.441711657247784
2021-02-23 00:00:00,-0.3674701626987537,-0.04225628142639731,0.6890299558180732
2021-02-24 00:00:00,-0.40254211751797386,-0.1500699368857219,0.7713944297766733
2021-02-25 00:00:00,-0.47338461374466484,-0.11256148091217501,0.815246716011946
2021-02-26 00:00:00,-0.4328177956779289,0.007305797563372639,0.6502405589434197
2021-03-01 00:00:00,-0.4078490256342416,-0.01975693505721322,0.6296808425851339
2021-03-02 00:00:00,-0.4329759099537121,-0.05742330887468073,0.6240184045610696
2021-03-03 00:00:00,-0.6077118995217258,-0.2301788768765668,0.6657686812190341
2021-03-04 00:00:00,-0.7137047547254215,-0.36601094727079414,0.7114870354360963
2021-03-05 00:00:00,-0.7327653932835902,-0.3783015402588461,0.7092959011517475
2021-03-08 00:00:00,-0.7951772243840708,-0.5124477585628866,0.5750888274920161
2021-03-09 00:00:00,-0.6449428459631026,-0.3741702311217693,0.5966590915929706
2021-03-10 00:00:00,-0.6822083336856785,-0.4624036588164728,0.4627767532199198
2021-03-11 00:00:00,-0.6570261779772099,-0.41117049198271466,0.3673411419280314
2021-03-12 00:00:00,-0.6586442195496462,-0.4831656822844834,0.34288947720305873
2021-03-15 00:00:00,-0.6886673021065461,-0.4817144150030258,0.3238377046604424
2021-03-16 00:00:00,-0.6410768137789605,-0.42881134129122034,0.2647279173405566
2021-03-17 00:00:00,-0.6423408613176064,-0.47030592055216286,0.37846751710512017
2021-03-18 00:00:00,-0.7629864122426563,-0.4586607646581718,0.32300967434775574
2021-03-19 00:00:00,-0.71088699637385,-0.4598210029864184,0.26146822519270846
2021-03-22 00:00:00,-0.6725721126972022,-0.36024196240052603,0.11858864600126853
2021-03-23 00:00:00,-0.6454455610854438,-0.22124703827588324,0.07941660675493277
2021-03-24 00:00:00,-0.6966899885134393,-0.2276700804924708,0.24191977019732885
2021-03-25 00:00:00,-0.7877833842063194,-0.3370673651852391,0.16018868424452526
2021-03-26 00:00:00,-0.7502572955889317,-0.27632240576223055,0.10211370301627667
2021-03-29 00:00:00,-0.7194564494888767,-0.205076620904661,0.056081236542922935
2021-03-30 00:00:00,-0.7286100177897421,-0.2750180170633192,0.10353128334296866
2021-03-31 00:00:00,-0.6881704557513052,-0.2255807511901024,0.1217671243011557
2021-04-01 00:00:00,-0.6803547673175949,-0.2491663843605169,0.1722043846688506
2021-04-05 00:00:00,-0.7067225999166382,-0.17393529448267384,0.08110587331365948
2021-04-06 00:00:00,-0.7546299023048707,-0.16412392109646926,0.07343525386857767
2021-04-07 00:00:00,-0.7168921622098645,-0.19320912953461625,0.12141370921511556
2021-04-08 00:00:00,-0.6874780841044241,-0.08330378121994544,0.1442730562295376
2021-04-09 00:00:00,-0.7266683526194415,-0.016972905663224305,0.20279079142227918
2021-04-12 00:00:00,-0.6723192495073335,0.014268610424824333,0.15354699386662862
2021-04-13 00:00:00,-0.6322891663324982,0.06816403025792096,0.12320382667979017
2021-04-14 00:00:00,-0.6442229933251291,-0.025475923398830334,0.2807594743976398
2021-04-15 00:00:00,-0.6106522890237066,0.08415670410810346,0.20750525353670188
2021-04-16 00:00:00,-0.5870650667771717,0.13049443847039424,0.13329252538951017
2021-04-19 00:00:00,-0.5784587723094511,0.11752771758375087,0.22307582320002708
2021-04-20 00:00:00,-0.557330926588051,0.20786519671377768,0.15418752834998606
2021-04-21 00:00:00,-0.5717461545225045,0.14754020955660618,0.13531764393756315
2021-04-22 00:00:00,-0.5919895775912459,0.23989023520725644,0.06891867849206741
2021-04-23 00:00:00,-0.5850817170088672,0.240671147466736,0.08392584359046046
2021-04-26 00:00:00,-0.5586529245796823,0.20700106588803058,0.19307885319394613
2021-04-27 00:00:00,-0.4772787572477019,0.178014204127078,0.1853386419974361
2021-04-28 00:00:00,-0.464895985731575,0.07952943517404563,0.21666357244801301
2021-04-29 00:00:00,-0.46371954943136084,0.06541726968657993,0.14690289535370712
2021-04-30 00:00:00,-0.46037800917902394,0.06976753816939245,0.2696879288552704
2021-05-03 00:00:00,-0.44390450700064416,-0.01563832006391657,0.38309299733338276
2021-05-04 00:00:00,-0.4823855825797191,-0.03448013507890233,0.2550827664731786
2021-05-05 00:00:00,-0.5129423146222752,-0.10431800030943361,0.24055375734312529
2021-05-06 00:00:00,-0.6442596163721974,-0.11635234498417375,0.308945453965805
2021-05-07 00:00:00,-0.5800372841840974,-0.18123099571084939,0.45011447182804
2021-05-10 00:00:00,-0.6519658441890255,-0.241573862291447,0.3867306640547351
2021-05-11 00:00:00,-0.614220339709786,-0.21600850120169068,0.42441019741946373
2021-05-12 00:00:00,-0.5793277930961696,-0.1986587720380712,0.5124826054759425
2021-05-13 00:00:00,-0.598072513843327,-0.18582533754431016,0.4455521049411908
2021-05-14 00:00:00,-0.5866920388865307,-0.26867442509905337,0.39568247560744685
2021-05-17 00:00:00,-0.6347695918799054,-0.366859628675397,0.4513587886429705
2021-05-18 00:00:00,-0.6058073586882935,-0.3502287166279105,0.4261171861690264
2021-05-19 00:00:00,-0.5777146523921127,-0.2903152749421827,0.49006060645919686
2021-05-20 00:00:00,-0.5044175590254191,-0.20685016351266444,0.5799964646104371
2021-05-21 00:00:00,-0.503761586789139,-0.2486721250641765,0.6094753900589233
2021-05-24 00:00:00,-0.5086209127105649,-0.2261203535598886,0.5599383272164463
2021-05-25 00:00:00,-0.4907825449094553,-0.12346956849947117,0.5168757575825526
2021-05-26 00:00:00,-0.5118891804383792,-0.19322042122503355,0.5155371538193998
2021-05-27 00:00:00,-0.5491882130542524,-0.2047841392492738,0.47863293682368735
2021-05-28 00:00:00,-0.5102917545739184,-0.19109663960346732,0.43601082374095734
2021-06-01 00:00:00,-0.5571860261713855,-0.3336000405738759,0.4554460066134313
2021-06-02 00:00:00,-0.5809352239877587,-0.3948777537708497,0.35278588253626825
2021-06-03 00:00:00,-0.5710736669523626,-0.4342506662390016,0.388891176364922
2021-06-04 00:00:00,-0.5826869264278128,-0.38936891225804154,0.3270805718908722
2021-06-07 00:00:00,-0.5490292005268315,-0.4157970949544983,0.4340324200921893
2021-06-08 00:00:00,-0.5648063684384992,-0.3967568099470769,0.45903958993588523
2021-06-09 00:00:00,-0.5054858868254172,-0.3485744024697896,0.524193941451046
2021-06-10 00:00:00,-0.4170960173302686,-0.2653158198436132,0.4536535712132856
2021-06-11 00:00:00,-0.4104420378762289,-0.2882133263780611,0.294060586675605
2021-06-14 00:00:00,-0.34735785995324225,-0.19943809931246595,0.25542028222547386
2021-06-15 00:00:00,-0.3172464939554452,-0.2149098137048019,0.22957035661642763
2021-06-16 00:00:00,-0.28538515572548107,-0.21612492411747786,0.1669633020791728
2021-06-17 00:00:00,-0.21775433564912225,0.022414919407301732,0.04468351784913096
2021-06-18 00:00:00,-0.1781272615796692,0.15742445161929272,-0.09351912344302327
2021-06-21 00:00:00,-0.21619211832221005,0.057545857559787285,-0.013391296603449461
2021-06-22 00:00:00,-0.21473397712652348,0.13379524105369053,-0.1686304457549924
2021-06-23 00:00:00,-0.1782167399421844,0.11655038557853058,-0.23453472242863285
2021-06-24 00:00:00,-0.2052985707216465,0.09931595978622841,-0.08712961238939226
2021-06-25 00:00:00,-0.19825590639013388,0.06798942202076172,-0.1033464101648388
2021-06-28 00:00:00,-0.22876773406646608,0.18844080181220985,-0.3006368556065191
2021-06-29 00:00:00,-0.2060827043596726,0.23519798096346808,-0.34674807102771005
2021-06-30 00:00:00,-0.2745868022198804,0.16440079926037474,-0.37166696239625674
2021-07-01 00:00:00,-0.23299606449353918,0.14994474850594108,-0.32294838966189177
2021-07-02 00:00:00,-0.18965967877322298,0.24608422006589503,-0.3777981538038657
2021-07-06 00:00:00,-0.12095486039757455,0.44812812952309344,-0.4832130106811393
2021-07-07 00:00:00,-0.11375926113302127,0.5186512362492699,-0.6306717737617149
2021-07-08 00:00:00,-0.09574161354361121,0.5372106472019147,-0.5738048776762266
2021-07-09 00:00:00,-0.12997847112101377,0.43821552289139687,-0.6029320214602546
2021-07-12 00:00:00,-0.10092520589846568,0.4295744488779953,-0.5645427656810859
2021-07-13 00:00:00,-0.07954243465314417,0.52953198069276,-0.5750338783201127
2021-07-14 00:00:00,-0.09900429405755043,0.5808669703514252,-0.619817639467778
2021-07-15 00:00:00,-0.1115145883070205,0.6114808752652322,-0.64282512843219
2021-07-16 00:00:00,-0.07012820509379633,0.7354122813152943,-0.7152855329679522
2021-07-19 00:00:00,-0.07071592475279716,0.8374746532092999,-0.8827257274475085
2021-07-20 00:00:00,-0.0821195466632551,0.7866777625948729,-0.7788599102734146
2021-07-21 00:00:00,-0.11388806111234458,0.6482092798144382,-0.6459613034339836
2021-07-22 00:00:00,-0.0480034526235894,0.7758287203572263,-0.6890465963999878
2021-07-23 00:00:00,-0.023003650669300282,0.8448940432115609,-0.7207811155987949
2021-07-26 00:00:00,-0.08425389691208024,0.7161650836804945,-0.7792330130879956
2021-07-27 00:00:00,-0.04924831536426876,0.7376745470445389,-0.799590505653025
2021-07-28 00:00:00,0.006769414358996675,0.7301372819396408,-0.6912783384817438
2021-07-29 00:00:00,0.021568224687148477,0.7296765094068102,-0.5472442106511554
2021-07-30 00:00:00,0.003350083691316617,0.8267239711271098,-0.5989171846750022
2021-08-02 00:00:00,0.0008761628216981699,0.8280115699139126,-0.5008733800510197
2021-08-03 00:00:00,-0.023590881691333998,0.8108253528750727,-0.5325755244018652
2021-08-04 00:00:00,0.041951533049347296,0.9244303395719473,-0.6282959952113252
2021-08-05 00:00:00,0.023122081073236753,0.8651621984294096,-0.7012921446836139
2021-08-06 00:00:00,-0.012341456235193983,0.7739228229566404,-0.7361550478399723
2021-08-09 00:00:00,-0.03493433065697318,0.7902148482891143,-0.7701748407646404
2021-08-10 00:00:00,-0.07874036885066327,0.6702946118175593,-0.6995120969827328
2021-08-11 00:00:00,-0.13631071287046884,0.5769388170136004,-0.7802608602380758
2021-08-12 00:00:00,-0.09584013671660926,0.6246208248444153,-0.8127367986229748
2021-08-13 00:00:00,-0.05701907289879316,0.6878954802198756,-0.8906083137883656
2021-08-16 00:00:00,-0.03320227077927956,0.7816218835848167,-0.960680733128543
2021-08-17 00:00:00,0.03764841758705287,0.8540517060043405,-0.8814136438661472
2021-08-18 00:00:00,0.03576166564542504,0.8361040833953407,-0.9195478605880187
2021-08-19 00:00:00,0.10164921720920607,0.98362677047596,-1.087808369640229
2021-08-20 00:00:00,0.10636792120410142,0.9599102583252654,-1.1238239745717251
2021-08-23 00:00:00,0.08921456311299628,0.9085980124101406,-1.0331798397847665
2021-08-24 00:00:00,0.06556992780777617,0.8568651079585582,-1.022761311976309
2021-08-25 00:00:00,0.06360416191301173,0.822247151091214,-1.0405954503471733
2021-08-26 00:00:00,0.041574945448074066,0.897440145681355,-1.147117072226803
2021-08-27 00:00:00,0.0428358007497919,0.7897640497859901,-1.063118982072605
2021-08-30 00:00:00,0.05654292785381367,0.9022599753438819,-1.2191781348030584
2021-08-31 00:00:00,0.05915855135778696,0.8526703075709064,-1.136221939455252
2021-09-01 00:00:00,0.10876105008960471,0.8892118951486049,-1.1445758635757743
2021-09-02 00:00:00,0.12725628265493114,0.8191033832656104,-1.1073414285724528
2021-09-03 00:00:00,0.14232091441532557,0.8636764441038947,-1.1822067892739931
2021-09-07 00:00:00,0.2593118441265718,0.8726279753109177,-1.1730016714315459
2021-09-08 00:00:00,0.24340233466124733,0.9309372746046664,-1.2316714111488447
2021-09-09 00:00:00,0.22936653346068187,0.9199219875378037,-1.4077116106580543
2021-09-10 00:00:00,0.2645099647725789,0.9350710218804839,-1.5064555862576052
2021-09-13 00:00:00,0.2226056838540326,0.763487242276618,-1.5112051414066376
2021-09-14 00:00:00,0.2482378240499673,0.8573222298214842,-1.6175494522322262
2021-09-15 00:00:00,0.22431006521602903,0.7569704041857493,-1.6651441836252345
2021-09-16 00:00:00,0.2321036538452582,0.790643212704255,-1.7342221269909242
2021-09-17 00:00:00,0.18543887175889368,0.7814618207908549,-1.7434411335620372
2021-09-20 00:00:00,0.20409028316112626,0.8521316075779419,-1.7713199849154309
2021-09-21 00:00:00,0.27833266585850713,0.8924424948912179,-1.929315953629782
2021-09-22 00:00:00,0.25880869970998566,0.8395429802724981,-1.9709399450097291
2021-09-23 00:00:00,0.2813346138279331,0.7664491377534054,-1.8973887163387007
2021-09-24 00:00:00,0.29010092824026507,0.7414456193430756,-1.8460480422602166
2021-09-27 00:00:00,0.1693679953826835,0.4932776382822611,-1.8208594261509194
2021-09-28 00:00:00,0.11884392107950678,0.3949935367154675,-1.821671214589935
2021-09-29 00:00:00,0.14028950686067293,0.41035528804996524,-1.829499138792948
2021-09-30 00:00:00,0.22255802778196962,0.4190202127725579,-1.6299110853012224
2021-10-01 00:00:00,0.23303550502180156,0.35475095744999824,-1.5057040130013837
2021-10-04 00:00:00,0.2042501836169649,0.2006503214911455,-1.4977678696765362
2021-10-05 00:00:00,0.21615207328812544,0.22177020367390485,-1.4255678948075563
2021-10-06 00:00:00,0.19616033940948452,0.29076685451548473,-1.5663814357384105
2021-10-07 00:00:00,0.2579275683114238,0.3095221432891185,-1.4974061779651104
2021-10-08 00:00:00,0.25510299808556547,0.2627582942067633,-1.4357196915243997
2021-10-11 00:00:00,0.2633383172277184,0.2704733655798127,-1.5206147915468209
2021-10-12 00:00:00,0.26875555844947835,0.2926438492812814,-1.6941344610722826
2021-10-13 00:00:00,0.24456380418941842,0.32469599739175015,-1.7084098677105135
2021-10-14 00:00:00,0.23550442276968003,0.33946000956507416,-1.7263234560326501
2021-10-15 00:00:00,0.2359648452188497,0.3837340919864832,-1.6215772639684918
2021-10-18 00:00:00,0.2476366741488419,0.43691207043129726,-1.7502424822639584
2021-10-19 00:00:00,0.26378272452763624,0.4574583191008139,-1.676525230372095
2021-10-20 00:00:00,0.2903963161820508,0.379714071559714,-1.6860088003946896
2021-10-21 00:00:00,0.33040167905632356,0.48599211296285194,-1.8041792224836595
2021-10-22 00:00:00,0.35152096121668414,0.49243896333636955,-1.8647625966446346
2021-10-25 00:00:00,0.36880567168701295,0.47914924835801925,-1.787608916799891
2021-10-26 00:00:00,0.35809446882357654,0.48334703808114376,-1.7651425492476762
2021-10-27 00:00:00,0.41218252577021525,0.5572037112373002,-1.8503676588071134
2021-10-28 00:00:00,0.4332372158413794,0.583690084068683,-1.83287114667579
2021-10-29 00:00:00,0.5055464755169167,0.7080568026360023,-1.9632064915780512
2021-11-01 00:00:00,0.4519469289516392,0.5545985067173147,-1.9558501734984413
2021-11-02 00:00:00,0.38997777275648793,0.5925724907438196,-1.9487190654005406
2021-11-03 00:00:00,0.3696840972049244,0.4754702467194498,-1.869418441237901
2021-11-04 00:00:00,0.49456547561847475,0.5695559057685399,-2.0009079039111093
2021-11-05 00:00:00,0.4590245742197467,0.46321800106240124,-1.9371357641739866
2021-11-08 00:00:00,0.47892023233709935,0.5457578041879484,-1.9457560373667366
2021-11-09 00:00:00,0.51713104311903,0.5731509072804979,-2.041030289093924
2021-11-10 00:00:00,0.4461995659730727,0.550092876308417,-2.055119892301804
2021-11-11 00:00:00,0.4714637875787465,0.4823025839751993,-2.100453544489946
2021-11-12 00:00:00,0.4288940522635195,0.556041214107224,-2.2316485346587194
2021-11-15 00:00:00,0.42344057352352715,0.48309379744927017,-2.244588883003371
2021-11-16 00:00:00,0.4815439599738993,0.5920700929987518,-2.341061289542116
2021-11-17 00:00:00,0.5059906008642344,0.6129402312310517,-2.3760168345078045
2021-11-18 00:00:00,0.6109882695509928,0.647478421002132,-2.34057947155467
2021-11-19 00:00:00,0.6152711392102606,0.7763315099906694,-2.4385421932718176
2021-11-22 00:00:00,0.5787437832200304,0.6027377075429645,-2.319560518098917
2021-11-23 00:00:00,0.5727268128410047,0.5303646036594516,-2.1882417140713395
2021-11-24 00:00:00,0.5979468304509881,0.5438849148071827,-2.273588459462512
2021-11-26 00:00:00,0.5808795964640107,0.6456813309514514,-2.450186842982255
2021-11-29 00:00:00,0.6280400799379381,0.7138597470898038,-2.484512376967254
2021-11-30 00:00:00,0.7187509749655466,0.7601890852054823,-2.477673602957518
2021-12-01 00:00:00,0.6723407132581085,0.8007899976493782,-2.3583650100240967
2021-12-02 00:00:00,0.7308727261017061,0.7434820311971098,-2.3279893051860276
2021-12-03 00:00:00,0.6902905859240829,0.6644155902631004,-2.120411744105864
2021-12-06 00:00:00,0.6027259953213105,0.5641509557926818,-2.0867620854143447
2021-12-07 00:00:00,0.6523228361689646,0.6189674442118565,-2.1340012434375746
2021-12-08 00:00:00,0.7152789654327605,0.6607261698873085,-2.194345649314317
2021-12-09 00:00:00,0.7244091261355362,0.6431454733951725,-2.148001581812266
2021-12-10 00:00:00,0.7213351127728462,0.654602475215642,-2.2785658937329285
2021-12-13 00:00:00,0.7784787715365534,0.7367921863852455,-2.419819920057467
2021-12-14 00:00:00,0.7176375433549659,0.6347252412712631,-2.35159582738848
2021-12-15 00:00:00,0.7532616726746956,0.7130772988858095,-2.438507043818311
2021-12-16 00:00:00,0.7183605234370746,0.606429172250374,-2.18002830853835
2021-12-17 00:00:00,0.8015924912539715,0.6086670582069926,-1.929952228659268
2021-12-20 00:00:00,0.83894984691168,0.5966968266662004,-1.9993674966738086
2021-12-21 00:00:00,0.8787185439275281,0.552075954762088,-1.8549450601521538
2021-12-22 00:00:00,0.9351351956667453,0.5794634283627159,-1.856692086001438
2021-12-23 00:00:00,0.9053276399344227,0.5726735094136064,-1.788889665657543
2021-12-27 00:00:00,0.925738340318908,0.5883216383576058,-1.8572586530655093
2021-12-28 00:00:00,0.8803005331561716,0.5576323375692533,-1.8259264474456969
2021-12-29 00:00:00,0.9021872510445692,0.5791597013580793,-1.8080035371123369
2021-12-30 00:00:00,0.891940818281911,0.5741145772755865,-1.8029146123961641
2021-12-31 00:00:00,0.8776572432964272,0.575917034440897,-1.885911547871634
2022-01-03 00:00:00,0.744743783619845,0.3796631821971144,-1.7647047767557251
2022-01-04 00:00:00,0.5796927118713872,0.17697499691252289,-1.5260857185608494
2022-01-05 00:00:00,0.47122481320984444,0.06397135940747599,-1.3560412904272068
2022-01-06 00:00:00,0.5097243296127407,-0.0018110374597684945,-1.4683801367133962
2022-01-07 00:00:00,0.383131420342974,-0.20464586336836496,-1.4542588828542475
2022-01-10 00:00:00,0.449941842544106,-0.18869132031149052,-1.659259840158653
2022-01-11 00:00:00,0.42530526511167205,-0.200441929696796,-1.59979618449917
2022-01-12 00:00:00,0.4177669049272057,-0.22239965621149482,-1.6194251552841001
2022-01-13 00:00:00,0.30332871443556925,-0.38558123953336776,-1.4505328264009056
2022-01-14 00:00:00,0.33058030244236525,-0.47703965965653217,-1.3333735133875433
2022-01-18 00:00:00,0.28536218902308114,-0.5181398632993656,-1.31354113799213
2022-01-19 00:00:00,0.2539640346411289,-0.40404399779070443,-1.179519730882035
2022-01-20 00:00:00,0.3627473490881517,-0.3414260236838724,-0.9117216300820987
2022-01-21 00:00:00,0.35401602222883777,-0.3271647551471053,-0.9453761752717778
2022-01-24 00:00:00,0.34723375649238425,-0.2913347094619972,-1.1551487239906981
2022-01-25 00:00:00,0.253735831439985,-0.4699059452682102,-1.1989292924628026
2022-01-26 00:00:00,0.24699183851726178,-0.44168047773575425,-1.0644460094007888
2022-01-27 00:00:00,0.1949784528324558,-0.4114270738242403,-0.9497331043131781
2022-01-28 00:00:00,0.4525368225361396,-0.31135402511536076,-0.7354174408289226
2022-01-31 00:00:00,0.4681421203525149,-0.2525120751931668,-0.8480770840967431
2022-02-01 00:00:00,0.42722138238428037,-0.2979137157409095,-0.7733557785184438
2022-02-02 00:00:00,0.4931672790946324,-0.27872343510973324,-0.5210773338724545
2022-02-03 00:00:00,0.5166813161928071,-0.2936436843353794,-0.26642354501810944
2022-02-04 00:00:00,0.5655870933067184,-0.2555592689776748,-0.09636299961054208
2022-02-07 00:00:00,0.5692417432161105,-0.31878965864099135,-0.1332854599097768
2022-02-08 00:00:00,0.5605267047897826,-0.29735484875580437,-0.015219559135653043
2022-02-09 00:00:00,0.5522659273113558,-0.2664889913331102,-0.05211855837999673
2022-02-10 00:00:00,0.5822588414740617,-0.28996856239724306,0.10361733988757159
2022-02-11 00:00:00,0.5783201657750782,-0.3895595450982179,0.22447774014777633
2022-02-14 00:00:00,0.5698408090126084,-0.33949430048027446,0.1618543384121107
2022-02-15 00:00:00,0.604265077852084,-0.3594278348285226,0.2112754711159925
2022-02-16 00:00:00,0.5959220172092873,-0.34337489014784345,0.27910048089288614
2022-02-17 00:00:00,0.6770750575660627,-0.38520070754381475,0.2598756057422726
2022-02-18 00:00:00,0.6701279394193276,-0.40087471801574925,0.2829068631357467
2022-02-22 00:00:00,0.668606199367366,-0.4073482215905788,0.35483056496024473
2022-02-23 00:00:00,0.6691096838132569,-0.4573831094218005,0.32580715744079924
2022-02-24 00:00:00,0.7483139579007805,-0.30315872667244964,-0.034286606567412226
2022-02-25 00:00:00,0.6644175988808811,-0.36249451738834615,-0.08523829052853618
2022-02-28 00:00:00,0.6862543771917313,-0.421699435463647,-0.12063664576384563
2022-03-01 00:00:00,0.7514821254895089,-0.31966903620753795,-0.09859609532443751
2022-03-02 00:00:00,0.7553881869835828,-0.4370386071254545,-0.0870573503130794
2022-03-03 00:00:00,0.7293138580517997,-0.47620221524515965,-0.050921650069653816
2022-03-04 00:00:00,0.7780930911183721,-0.44397920682930175,0.1613861586977741
2022-03-07 00:00:00,0.7102381320885309,-0.44262687895945635,0.08099145935989376
2022-03-08 00:00:00,0.5507248034495951,-0.5314222088362062,-0.10110344294390795
2022-03-09 00:00:00,0.6632330705564022,-0.5095393473936876,-0.10962676570032884
2022-03-10 00:00:00,0.7148195724735001,-0.5757610165129048,0.02988281106985182
2022-03-11 00:00:00,0.7143888607845444,-0.6191387618732019,0.05771162153029947
2022-03-14 00:00:00,0.6482622905628241,-0.5688316275521365,0.1409834165262463
2022-03-15 00:00:00,0.7047455913945976,-0.4748779813128162,0.04552416639703891
2022-03-16 00:00:00,0.7249951221860151,-0.45424265002450664,0.010538163038980804
2022-03-17 00:00:00,0.7070199835946157,-0.43970525977732405,0.011639789076651133
2022-03-18 00:00:00,0.729371303839866,-0.36604546236057384,-0.0630894225945402
2022-03-21 00:00:00,0.7048166027323134,-0.4075035911497883,-0.024294605421384566
2022-03-22 00:00:00,0.7109876502701729,-0.3930732047335704,-0.08139534609417634
2022-03-23 00:00:00,0.6673824561930316,-0.4498397266114119,-0.04319552076201862
2022-03-24 00:00:00,0.612657795278222,-0.4586792980619542,-0.052441400260331714
2022-03-25 00:00:00,0.5794015200693441,-0.5605264148814453,0.14384784986617621
2022-03-28 00:00:00,0.5990746191620971,-0.4761060852903193,-0.05926958898092626
2022-03-29 00:00:00,0.5926228989040654,-0.48399712707493014,-0.1892742766020319
2022-03-30 00:00:00,0.5903631889011682,-0.4742357009059595,-0.028382288299347472
2022-03-31 00:00:00,0.5985351527397963,-0.44277747050732746,-0.01530433886789747
2022-04-01 00:00:00,0.6231014365585498,-0.4412492932779597,-0.07002111385103697
2022-04-04 00:00:00,0.587387137657125,-0.40214610469746737,-0.34222105865334024
2022-04-05 00:00:00,0.5949590892731241,-0.3779764857809803,-0.3278905352895902
2022-04-06 00:00:00,0.6147909101863245,-0.36968882735411235,-0.2961018188045649
2022-04-07 00:00:00,0.7274280394981547,-0.24792647314589453,-0.31031670579456455
2022-04-08 00:00:00,0.7643275624112146,-0.34090324539447103,-0.2025799635952333
2022-04-11 00:00:00,0.6368069872806524,-0.43892305651755487,-0.12141787635707998
2022-04-12 00:00:00,0.5935421123161235,-0.488130719449841,-0.039773398407848916
2022-04-13 00:00:00,0.6185631004493938,-0.5098791139066692,-0.08759725577628173
2022-04-14 00:00:00,0.6087478191195521,-0.544608276771401,-0.04284596933034029
2022-04-18 00:00:00,0.5583865659020876,-0.6024836558909529,0.0032555920625838403
2022-04-19 00:00:00,0.5286920331488825,-0.6224799380679578,-0.10807442381916131
2022-04-20 00:00:00,0.5547894915310386,-0.6312730720852878,0.001659381416493401
2022-04-21 00:00:00,0.47892747559599835,-0.6979719153158711,-0.0202764637308641
2022-04-22 00:00:00,0.48572146746138956,-0.7461167380513136,-0.2615209326100891
2022-04-25 00:00:00,0.4691901539066424,-0.7039571024784972,-0.39216910639341473
2022-04-26 00:00:00,0.504487390551303,-0.7283060469251684,-0.3678667749461564
2022-04-27 00:00:00,0.5311235494108918,-0.6977937484174191,-0.20521171770781105
2022-04-28 00:00:00,0.5175820998926214,-0.730175937976859,-0.4492263285066265
2022-04-29 00:00:00,0.5094356332099221,-0.7799583645990286,-0.4452283899069745
2022-05-02 00:00:00,0.4270704972803611,-0.8233476082542897,-0.6091319764610674
2022-05-03 00:00:00,0.3892719837217779,-0.9110552622590069,-0.6066277933724432
2022-05-04 00:00:00,0.29248498800389033,-0.9410284684936768,-0.6144464111010018
2022-05-05 00:00:00,0.2935795281293803,-0.9318802633133942,-0.4787873010808887
2022-05-06 00:00:00,0.2509472382810987,-0.9825759381364632,-0.3778551864694175
2022-05-09 00:00:00,0.051870646672978714,-0.9559646768300816,-0.5871924697911538
2022-05-10 00:00:00,0.13577274603339035,-0.9018427987543308,-0.6970072667790087
2022-05-11 00:00:00,0.1398053602694412,-0.9305505203025194,-0.6098699443653796
2022-05-12 00:00:00,0.13418667442618615,-0.9241350596810572,-0.6941026556426386
2022-05-13 00:00:00,0.18315412048369872,-0.9537338791750797,-0.7280045267351551
2022-05-16 00:00:00,0.16131183219984674,-1.0033867204676432,-0.6808615866524969
2022-05-17 00:00:00,0.14081489858817114,-1.0884921244879093,-0.47404573474005085
2022-05-18 00:00:00,0.06596060419656144,-1.10031349053618,-0.13493673191348193
2022-05-19 00:00:00,0.07163322047408102,-0.9869444302815992,-0.10805158709971198
2022-05-20 00:00:00,0.215627296273224,-0.9561728683554603,0.04058413538693134
2022-05-23 00:00:00,0.21214209798880035,-0.9629529920356376,0.0031001009568495377
2022-05-24 00:00:00,0.18353890356330593,-0.8728725463219807,0.06533770233730234
2022-05-25 00:00:00,0.18229604700214694,-0.9501485026236862,0.010319645517153064
2022-05-26 00:00:00,0.2101975439437332,-0.9729384837631428,-0.12645609213378614
2022-05-27 00:00:00,0.27290279613238577,-0.9353204208998762,-0.2682956765695593
2022-05-31 00:00:00,0.25615881176841454,-0.9761737743601773,-0.15055289964553945
2022-06-01 00:00:00,0.2444862704904172,-0.9902791545976783,-0.11423881407190287
2022-06-02 00:00:00,0.31176605526409706,-0.8596613720604511,-0.20534194903406044
2022-06-03 00:00:00,0.29119682451472134,-0.8486143884550048,-0.24109261184121616
2022-06-06 00:00:00,0.3228789865896347,-0.8455905022453246,-0.3092191936461877
2022-06-07 00:00:00,0.359077542118563,-0.8274984748149283,-0.31268374209805994
2022-06-08 00:00:00,0.3449593843623223,-0.7990205732986645,-0.3714505928792392
2022-06-09 00:00:00,0.28279560013107663,-0.7267977860763606,-0.46808115239717374
2022-06-10 00:00:00,0.33242948925115906,-0.7060924912085584,-0.18264740864083673
2022-06-13 00:00:00,0.25280476306533084,-0.5719070796677204,-0.08212598766214899
2022-06-14 00:00:00,0.3151327257036376,-0.5342444902551104,0.15461400823447885
2022-06-15 00:00:00,0.3418497329223307,-0.5346789674669461,0.2055254248989262
2022-06-16 00:00:00,0.40836439114439416,-0.4457532350427736,0.1863357373028059
2022-06-17 00:00:00,0.4632809482860594,-0.4296926333382504,0.14461483216526386
2022-06-21 00:00:00,0.5212376479324505,-0.4053577531774789,0.14762132769696001
2022-06-22 00:00:00,0.5540827392825476,-0.33732163263697806,0.013036945849798474
2022-06-23 00:00:00,0.6532397454167218,-0.19171712963269016,-0.10892310965281862
2022-06-24 00:00:00,0.6533615039262225,-0.28685813078013894,0.03944024300352279
2022-06-27 00:00:00,0.6710606873346083,-0.3263767806379509,0.12376883727800679
2022-06-28 00:00:00,0.666442762386396,-0.43952857091786013,0.31790564029286283
2022-06-29 00:00:00,0.7490726119333645,-0.2923998020657941,0.2323834577606676
2022-06-30 00:00:00,0.721017405769758,-0.21712027600696696,0.11326686321280262
2022-07-01 00:00:00,0.7853172929158044,-0.2127969505170255,0.11592830796867835
2022-07-05 00:00:00,0.7685444204790772,-0.15590353948902316,-0.14469322667988357
2022-07-06 00:00:00,0.8287491039512492,-0.04111148969263824,-0.1317647344775568
2022-07-07 00:00:00,0.8341957459267666,-0.10690438152784447,-0.11580703996894265
2022-07-08 00:00:00,0.8467358490824703,-0.06304621882097622,-0.07650287157175478
2022-07-11 00:00:00,0.8231155120854834,-0.03357493832087535,-0.14706959759959626
2022-07-12 00:00:00,0.7367374837786321,-0.20661355135669365,-0.1511403765580173
2022-07-13 00:00:00,0.6710794658145778,-0.20600315747174017,-0.12344540545291792
2022-07-14 00:00:00,0.727642027937818,-0.11046907498392311,-0.18559296384891003
2022-07-15 00:00:00,0.7515404068383124,-0.1694139514617222,-0.17276510256048283
2022-07-18 00:00:00,0.7307665215352623,-0.28646339668498394,-0.1766260236772871
2022-07-19 00:00:00,0.7550255124354482,-0.27804653215893255,-0.06331347937111383
2022-07-20 00:00:00,0.7192752919055034,-0.28633500752061347,-0.10233272072426615
2022-07-21 00:00:00,0.7735508946890988,-0.16641614980902242,0.015843511773993305
2022-07-22 00:00:00,0.7273522216692653,-0.13275236668826576,0.0002158942922802333
2022-07-25 00:00:00,0.6741998442769046,-0.2106664155051462,0.1203515798171805
2022-07-26 00:00:00,0.5445343889052746,-0.19860513236099891,0.09650509815759405
2022-07-27 00:00:00,0.6061372919708978,-0.19849762098622056,0.08679432130068394
2022-07-28 00:00:00,0.6558200138092517,-0.11850815322553998,0.08974188930309156
2022-07-29 00:00:00,0.5972704851801538,-0.0810561153221357,0.30423097651306
2022-08-01 00:00:00,0.5460899002137518,-0.07707867050745762,0.14005691075271848
2022-08-02 00:00:00,0.5655548580537447,-0.03562898033665523,0.12492817240832493
2022-08-03 00:00:00,0.5505587471760338,-0.03452609855127673,0.11529229105526925
2022-08-04 00:00:00,0.34782016031758073,0.04157095733076069,0.05506506762370627
2022-08-05 00:00:00,0.36824384494447115,0.07456299766356722,0.16107169201661758
2022-08-08 00:00:00,0.3348301147455989,0.055373415379416015,0.22018967771294318
2022-08-09 00:00:00,0.2670746860281886,0.057346602668224944,0.2538526974843591
2022-08-10 00:00:00,0.31681285628323463,0.048410103399836986,0.10428178908808029
2022-08-11 00:00:00,0.29508464774136406,-0.08466029217265189,0.10178671939521125
2022-08-12 00:00:00,0.2862684209464643,-0.05746040803635161,0.0526799600450135
2022-08-15 00:00:00,0.2811532821630791,0.0011390470268650183,0.017930951117712375
2022-08-16 00:00:00,0.25733489069562515,-0.055050707042965503,0.13687183058738145
2022-08-17 00:00:00,0.3290368508352676,-0.008874580936066833,0.15127653111061173
2022-08-18 00:00:00,0.30315871786197124,-0.0407466766613579,0.16338089129530456
2022-08-19 00:00:00,0.2909633565401839,-0.024791466941178862,0.09429371309774669
2022-08-22 00:00:00,0.2859344561529432,0.005043658566131701,-0.007757405276013691
2022-08-23 00:00:00,0.23230839302229353,-0.05228494969144137,0.010557655916047414
2022-08-24 00:00:00,0.25207053376706656,-0.09860520920973544,0.1507784689709531
2022-08-25 00:00:00,0.26945469906787317,-0.12156169142995357,0.21097631980604348
2022-08-26 00:00:00,0.4748025126897026,-0.12661555056271215,0.26919285511007557
2022-08-29 00:00:00,0.5011439879582336,-0.15872116866933564,0.3457145797710763
2022-08-30 00:00:00,0.5248023768212986,-0.11239392178052704,0.2811312957477313
2022-08-31 00:00:00,0.5266357350264005,-0.10256739279378888,0.399426388941069
2022-09-01 00:00:00,0.5516482464293281,-0.05288719239288828,0.3351264917469688
2022-09-02 00:00:00,0.6043366917376067,-0.10978434671619153,0.3600469265146772
2022-09-06 00:00:00,0.7342625829537046,-0.03884811108067665,0.3684003442957364
2022-09-07 00:00:00,0.7002343101144448,-0.010307380110960588,0.50284674489964
2022-09-08 00:00:00,0.6961502561459834,0.024710221134196107,0.5330369492638477
2022-09-09 00:00:00,0.7100993000423135,-0.03569239472497453,0.43516670442715905
2022-09-12 00:00:00,0.7196169633299921,-0.09355666413791303,0.4253826667837874
2022-09-13 00:00:00,0.7138046952222916,-0.0636270424119172,0.6154201870499394
2022-09-14 00:00:00,0.7763321945936837,-0.08664067675718859,0.6314237294045506
2022-09-15 00:00:00,0.7854550260736294,-0.15698636117349926,0.8078335888202242
2022-09-16 00:00:00,0.7431614541005428,-0.125217007989663,0.6285752288662311
2022-09-19 00:00:00,0.7401664012980682,-0.172514975150722,0.626530245459291
2022-09-20 00:00:00,0.6575893187768427,-0.1064968197979414,0.7019610600749829
2022-09-21 00:00:00,0.6688794361089708,-0.06893499736410426,0.6427162800609708
2022-09-22 00:00:00,0.6501404894478051,-0.09219630762408361,0.7768896217319173
2022-09-23 00:00:00,0.6941710480576297,-0.0008960531690125966,0.6793947807294621
2022-09-26 00:00:00,0.6634979210236117,0.09613107943357632,0.7078332377710083
2022-09-27 00:00:00,0.6966903461932111,0.07382486676959493,0.6175362598013187
2022-09-28 00:00:00,0.7044029200510641,0.05085345306090675,0.5111565668672893
2022-09-29 00:00:00,0.7320637736766288,0.11864081172680775,0.5976694370310203
2022-09-30 00:00:00,0.726992066962695,0.15864460636991135,0.3724046767695136
2022-10-03 00:00:00,0.7148087826948845,0.14877687075267293,0.44698173330744095
2022-10-04 00:00:00,0.7186892364932748,0.03515005386841355,0.542857452373163
2022-10-05 00:00:00,0.7276572581630163,0.04768425348631175,0.4969554374306672
2022-10-06 00:00:00,0.7989543612054422,0.04605799714254764,0.3328270642900477
2022-10-07 00:00:00,0.793087047405093,0.0617603700024862,0.3531510923053527
2022-10-10 00:00:00,0.7318841459194065,0.09691807309663393,0.33158614702440603
2022-10-11 00:00:00,0.7310121663459458,0.07228457222856219,0.3351218776317665
2022-10-12 00:00:00,0.7194909894852178,0.014314139340847454,0.3289798511459423
2022-10-13 00:00:00,0.6296308035852394,-0.05380229037575522,0.267180056353482
2022-10-14 00:00:00,0.577950739978023,-0.0831748682177075,0.25602033217762876
2022-10-17 00:00:00,0.6647322028394153,-0.06257908653465041,0.28298260960945393
2022-10-18 00:00:00,0.6209330893509947,-0.05587819776992701,0.3447870188327886
2022-10-19 00:00:00,0.6205155457322179,-0.05999913725143207,0.16145668967906893
2022-10-20 00:00:00,0.5713561889884329,-0.11376281456443813,0.21135739206913418
2022-10-21 00:00:00,0.5302788808664687,-0.15810380154379372,0.17504961312056605
2022-10-24 00:00:00,0.5340814474252455,-0.11234662678214262,-0.027304842528176505
2022-10-25 00:00:00,0.5917180368012034,-0.10800830314465867,0.26125646995650587
2022-10-26 00:00:00,0.46971850369657203,-0.08756124989831593,0.3941906641612217
2022-10-27 00:00:00,0.45621061570581634,-0.07877722698491052,0.21446630871934574
2022-10-28 00:00:00,0.4048259691474496,-0.07125076860252541,0.26741247326021245
2022-10-31 00:00:00,0.3800864682186968,-0.0732637912388894,0.5012386919290786
2022-11-01 00:00:00,0.4323220731098867,-0.14960500850508954,0.34674023314389407
2022-11-02 00:00:00,0.38204335616602314,-0.2295224943323471,0.34298555903884603
2022-11-03 00:00:00,0.017270618564464987,-0.23663551709764655,0.36295153505251304
2022-11-04 00:00:00,0.02678564553388086,-0.30119249224722355,0.39078940478074625
2022-11-07 00:00:00,0.127414209512494,-0.2837789246197702,0.16827643025431155
2022-11-08 00:00:00,0.07294730938473398,-0.24755951017598482,0.21314359747274578
2022-11-09 00:00:00,0.04048341271745959,-0.15923595411909505,0.23078802319756447
2022-11-10 00:00:00,0.12319162619343194,-0.14172477938724973,0.6452760329287839
2022-11-11 00:00:00,0.15945174192783637,-0.26459730280344484,0.9486668311053628
2022-11-14 00:00:00,0.1611254864233667,-0.21286554077778438,0.7818605683612145
2022-11-15 00:00:00,0.2278045154479101,-0.24178685819479706,0.8485391158512686
2022-11-16 00:00:00,0.2551885709942959,-0.1378645558740719,0.8380033602370506
2022-11-17 00:00:00,0.1572603736606862,-0.1685803186190011,0.6322482344898478
2022-11-18 00:00:00,0.2110317618384597,-0.1911100249103064,0.5454621615325199
2022-11-21 00:00:00,0.22573519890707056,-0.15633818485845133,0.6358599672560871
2022-11-22 00:00:00,0.2295348040809544,-0.1870833026058138,0.4953409906559699
2022-11-23 00:00:00,0.2826869300477393,-0.19332461758382016,0.5636728719366013
2022-11-25 00:00:00,0.2496496700633809,-0.19760375399086103,0.6438833884233883
2022-11-28 00:00:00,0.31689072615171365,-0.16212645455541083,0.6661550992431321
2022-11-29 00:00:00,0.2737706509592298,-0.2668678443586141,0.7559060998391305
2022-11-30 00:00:00,0.40815936951152926,-0.23573570342013722,0.7255196997837249
2022-12-01 00:00:00,0.4580250369173068,-0.18515244437804312,0.7572869040356327
2022-12-02 00:00:00,0.4488261185315178,-0.13408686210795953,0.9049648483339848
2022-12-05 00:00:00,0.4657091218359259,-0.09347304038455317,1.0241388118335064
2022-12-06 00:00:00,0.42067706315318304,-0.1248159028388971,1.07738729648567
2022-12-07 00:00:00,0.3187197263662395,-0.08251124908832153,1.0238223195577432
2022-12-08 00:00:00,0.39805866884896646,-0.05774387230328603,0.9976842634076103
2022-12-09 00:00:00,0.39811447558322294,-0.0963751039949136,0.9612358805216695
2022-12-12 00:00:00,0.36026604977935434,-0.15357609796966404,0.9626803395550106
2022-12-13 00:00:00,0.39233962242607856,-0.11475166935302095,1.02174109363979
2022-12-14 00:00:00,0.3568816466369271,-0.11397939949950903,0.9475195926476893
2022-12-15 00:00:00,0.38640374500248703,-0.11608426764852506,1.0565273059067388
2022-12-16 00:00:00,0.3133395113764354,-0.07713560379969668,1.0509088229349486
2022-12-19 00:00:00,0.27440157139899246,-0.041906626306440486,1.1183948162815327
2022-12-20 00:00:00,0.29263776299081473,-0.05160925335184862,1.102566378015462
2022-12-21 00:00:00,0.27808897513132225,-0.02368229688135105,1.1761521705844098
2022-12-22 00:00:00,0.32823983445623955,-0.01972372607237798,1.231796109299052
2022-12-23 00:00:00,0.38150952603307464,-0.055815099600717295,1.269106228860861
2022-12-27 00:00:00,0.3695313616646917,-0.07038044231022916,1.3776653259643852
2022-12-28 00:00:00,0.3883619915259947,-0.014541029095253039,1.4746640948977345
2022-12-29 00:00:00,0.42123461000333146,-0.050522195418904736,1.4063540802390828
2022-12-30 00:00:00,0.40416618359973017,-0.07247532763480881,1.3956480120503092
2023-01-03 00:00:00,0.34470367899224397,-0.0747001166748225,1.3323130805798817
2023-01-04 00:00:00,0.3216006910844463,-0.20349513004203856,1.484316530578476
2023-01-05 00:00:00,0.30221920373893774,-0.2551645545791063,1.5433672808933607
2023-01-06 00:00:00,0.2547133931327984,-0.3082785461660421,1.5560212183825297
2023-01-09 00:00:00,0.24066427686855402,-0.3468871670750425,1.6975912545676257
2023-01-10 00:00:00,0.3594050396367756,-0.32718690321766586,1.7785513987383246
2023-01-11 00:00:00,0.40628839172676273,-0.2992038058828556,1.7213735846475142
2023-01-12 00:00:00,0.44031309454182277,-0.3767768786267785,1.7127228569460828
2023-01-13 00:00:00,0.4561523471716028,-0.3272026697021938,1.7048083327718544
2023-01-17 00:00:00,0.5009177248160163,-0.3230383768973041,1.5494957995889589
2023-01-18 00:00:00,0.6054250908631574,-0.2404869383341565,1.6149508143027624
2023-01-19 00:00:00,0.763426698784263,-0.2400452590873552,1.7478827836497646
2023-01-20 00:00:00,0.7410384187372624,-0.25345954788514585,1.6658035877222348
2023-01-23 00:00:00,0.7460221940400371,-0.2868237366252309,1.6744745556650489
2023-01-24 00:00:00,0.930666425344298,-0.2981733981332393,1.6861116024317713
2023-01-25 00:00:00,0.9803443033427476,-0.3403104570924904,1.6919510890708778
2023-01-26 00:00:00,1.0144176823133144,-0.29902822591002437,1.7847622503886742
2023-01-27 00:00:00,0.9104426489057856,-0.3105396783129897,1.7412838394783452
2023-01-30 00:00:00,0.9747054009636533,-0.2933276662200872,1.666345303864671
2023-01-31 00:00:00,0.9209326971599258,-0.32022804895390583,1.7195041287268897
2023-02-01 00:00:00,0.9433662030366898,-0.2903674361986797,1.624964922314219
2023-02-02 00:00:00,0.8848562844743868,-0.3154635938861397,1.864835900630648
2023-02-03 00:00:00,0.8994479464237495,-0.29641522730032727,1.608581777379911
2023-02-06 00:00:00,0.87193417853913,-0.2945815851497487,1.5959706926247386
2023-02-07 00:00:00,0.873327906172416,-0.27859804527409315,1.688367018789358
2023-02-08 00:00:00,0.8509451971723362,-0.245777907802904,1.618077235084965
2023-02-09 00:00:00,0.8901691228309692,-0.231092009965845,1.6143011552028896
2023-02-10 00:00:00,0.8152967801087716,-0.2696900495078178,1.7279899979778566
2023-02-13 00:00:00,0.8707283378285903,-0.25795040011768816,1.7441692111474465
2023-02-14 00:00:00,1.0636429633293587,-0.2711603357779073,1.7576617979963474
2023-02-15 00:00:00,1.1040911717369266,-0.23890184529876166,1.7930956416769466
2023-02-16 00:00:00,1.120383155584869,-0.28834123097050174,1.961926047574378
2023-02-17 00:00:00,1.0584533331214308,-0.25140057794747606,1.8849664661459082
2023-02-21 00:00:00,1.1237138662257358,-0.21931093866454704,1.887040869821278
2023-02-22 00:00:00,1.0691207894159875,-0.225611529707014,1.9268508222874616
2023-02-23 00:00:00,1.1271972281307812,-0.21740925625415783,1.9430941822532806
2023-02-24 00:00:00,1.1001684511335112,-0.2742880522430183,2.0750029746095846
2023-02-27 00:00:00,1.070323862377345,-0.24011397040389745,2.068784775539687
2023-02-28 00:00:00,1.1144951859573495,-0.21237858602279797,2.094234992011325
2023-03-01 00:00:00,1.054208495414538,-0.19355742012731156,2.1444392483697365
2023-03-02 00:00:00,1.081836471309142,-0.16976234790078457,2.147204181555926
2023-03-03 00:00:00,1.079888470189891,-0.16230103962738615,2.1907231467071284
2023-03-06 00:00:00,1.1011555356802285,-0.11602771456372536,2.1986408001053173
2023-03-07 00:00:00,1.133999237662352,-0.08418753568139156,2.138211836283619
2023-03-08 00:00:00,1.1619817604844382,-0.0875868936391646,2.066553417544739
2023-03-09 00:00:00,1.188839033555535,0.0023861340649523203,2.177548044215314
2023-03-10 00:00:00,1.1190349435706968,0.06063398998250396,2.152943576486496
2023-03-13 00:00:00,1.1721478026263088,0.24082431661359222,2.329487429952968
2023-03-14 00:00:00,1.2159509382741394,0.2609419057226175,2.2178485093360476
2023-03-15 00:00:00,1.1970620646099763,0.30004318448045786,2.114111192721818
2023-03-16 00:00:00,1.2058116889096042,0.27671970734290635,2.134255877641391
2023-03-17 00:00:00,1.2069372331282229,0.35134619973458725,2.1705309957295524
2023-03-20 00:00:00,1.193572765089336,0.33025951189223474,2.25366024521817
2023-03-21 00:00:00,1.2020923976396853,0.27357156963729456,2.239118947520256
2023-03-22 00:00:00,1.1928641064914238,0.36568069865315084,2.1887240553051384
2023-03-23 00:00:00,1.2068389486251674,0.45777982731454936,2.169107963197284
2023-03-24 00:00:00,1.2590642561576475,0.41088663186519225,2.3118149765416467
2023-03-27 00:00:00,1.277287436054885,0.375005062646881,2.349288386617591
2023-03-28 00:00:00,1.2569039021578325,0.33405668272739003,2.4218899977510735
2023-03-29 00:00:00,1.167137348835646,0.27249792297305253,2.422815244800599
2023-03-30 00:00:00,1.2081419493236867,0.29405571586167195,2.3879251219339745
2023-03-31 00:00:00,1.1813401248650508,0.30000128591570663,2.2936357127949667
2023-04-03 00:00:00,1.2203240784037908,0.3115353825460366,2.2676875178327403
2023-04-04 00:00:00,1.2795185537302773,0.326451034659921,2.290617995196426
2023-04-05 00:00:00,1.2891425151370375,0.28893017593430065,2.4056345774581027
2023-04-06 00:00:00,1.3355556770826442,0.284930446122253,2.4256455169462936
2023-04-10 00:00:00,1.334343918235788,0.2493404398277428,2.330193502343265
2023-04-11 00:00:00,1.2862101693179306,0.22475465257972707,2.2577598273058084
2023-04-12 00:00:00,1.2962883687077467,0.29743550328442236,2.309417016885572
2023-04-13 00:00:00,1.2812803059879894,0.3614328706619503,2.3059741645515666
2023-04-14 00:00:00,1.3115683283491077,0.373211991900547,2.4132922562509806
2023-04-17 00:00:00,1.282177839365527,0.3341472130391022,2.372579561059793
2023-04-18 00:00:00,1.2941147028389122,0.3293865004358802,2.335150252272656
2023-04-19 00:00:00,1.3092124206778146,0.2965883107492339,2.442706009296445
2023-04-20 00:00:00,1.3456266343284269,0.3854500574071598,2.6042913610379403
2023-04-21 00:00:00,1.3973071734178069,0.4319791674108859,2.56657447237317
2023-04-24 00:00:00,1.370584373241287,0.4622044730646372,2.598509715315107
2023-04-25 00:00:00,1.331538107670566,0.46195745747438105,2.7529070176782025
2023-04-26 00:00:00,1.3738836415114655,0.40366291346385424,2.63286551917086
2023-04-27 00:00:00,1.3196570875071834,0.3539399858384525,2.3253469397295525
2023-04-28 00:00:00,1.3260781093974112,0.27372211469104635,2.2728924874075247
2023-05-01 00:00:00,1.4036008582498891,0.29999147506658613,2.3408327619306153
2023-05-02 00:00:00,1.4429272003975426,0.407561908171371,2.260705050885956
2023-05-03 00:00:00,1.4621426171569907,0.4294218911801597,2.1613051109160315
2023-05-04 00:00:00,1.5054306525006838,0.5065048997813817,2.322715492493732
2023-05-05 00:00:00,1.592588568569697,0.38808359085018396,2.2839761307103976
2023-05-08 00:00:00,1.6003856793508318,0.39276512432296906,2.1873812625045908
2023-05-09 00:00:00,1.6393701271982384,0.3775240082718986,2.2744964317760124
2023-05-10 00:00:00,1.6493119776075453,0.44532852568628883,2.3769189953999055
2023-05-11 00:00:00,1.6526991910385116,0.5183044505280556,2.315808888293974
2023-05-12 00:00:00,1.6431123849378482,0.5720647488098359,2.423106719798707
2023-05-15 00:00:00,1.6401704531215764,0.4785020152528191,2.3860584706664993
2023-05-16 00:00:00,1.6772599818277878,0.560944998745559,2.2817470264107875
2023-05-17 00:00:00,1.5651073024563806,0.4607205559930322,2.1256083185906722
2023-05-18 00:00:00,1.5484169802184478,0.46045805478346535,2.0667756171000318
2023-05-19 00:00:00,1.564677464533276,0.4872772234966638,2.02933606737217
2023-05-22 00:00:00,1.4805675418761368,0.42637631439661255,2.063818086903414
2023-05-23 00:00:00,1.3900271643266129,0.31410898920454466,1.9511299536427151
2023-05-24 00:00:00,1.4428729464941628,0.3607029714962337,2.048089998800383
2023-05-25 00:00:00,1.367915806153776,0.41862303524267647,1.7437254245976763
2023-05-26 00:00:00,1.3619794358699888,0.4030863166658391,1.58529473412589
2023-05-30 00:00:00,1.317475101813095,0.36717113118706884,1.503735239217855
2023-05-31 00:00:00,1.4483996411490638,0.40293444668324097,1.601336017403372
2023-06-01 00:00:00,1.4729229851907748,0.37842612825035477,1.5826353631141188
2023-06-02 00:00:00,1.3192979851434585,0.3022602317015801,1.4520316807110907
2023-06-05 00:00:00,1.447515132497535,0.3016816458025578,1.5253895788845613
2023-06-06 00:00:00,1.419648752943003,0.17423221028403335,1.50962834882333
2023-06-07 00:00:00,1.211431974231111,0.015914230383415436,1.4936888162678714
2023-06-08 00:00:00,1.2326270907288968,0.08324375163790472,1.4026233936452839
2023-06-09 00:00:00,1.2363204591031054,0.08333921258006867,1.3411061992164648
2023-06-12 00:00:00,1.2408573203198558,0.15162342651605437,1.2163365554428707
2023-06-13 00:00:00,1.204121386713289,0.12431765548763474,1.208548591383276
2023-06-14 00:00:00,1.221489845745428,0.1607795934335576,1.2735856456574906
2023-06-15 00:00:00,1.2722552241227993,0.1860921903386811,1.3377704444259872
2023-06-16 00:00:00,1.2376968442468326,0.17658238826593156,1.389966949142282
2023-06-20 00:00:00,1.2717667778456025,0.22401123464022946,1.5096707740555264
2023-06-21 00:00:00,1.315191416816624,0.24116694757855603,1.642583367270849
2023-06-22 00:00:00,1.352594736085852,0.34793157096851723,1.746329323808422
2023-06-23 00:00:00,1.3104659035338575,0.397231672508581,1.6777597456457123
2023-06-26 00:00:00,1.3046458737860427,0.3216174812592714,1.5843561362071352
2023-06-27 00:00:00,1.4303398029872172,0.28782922479090833,1.552574057400788
2023-06-28 00:00:00,1.3915517121392127,0.29663110309462,1.5661918929394996
2023-06-29 00:00:00,1.4212069791450939,0.29682741312665467,1.5631341741728426
2023-06-30 00:00:00,1.4006966744159715,0.32125298525031715,1.510552676478774
2023-07-03 00:00:00,1.3318306081472033,0.21628385390743315,1.3723231090594568
2023-07-05 00:00:00,1.3942709573279821,0.20912204521622965,1.3203692989508626
2023-07-06 00:00:00,1.4524727681968377,0.2102485321395341,1.3195131646742377
2023-07-07 00:00:00,1.395971743880045,0.1270988209048338,1.3396985616329953
2023-07-10 00:00:00,1.4563486494252074,0.19973978364171366,1.3894633727965724
2023-07-11 00:00:00,1.3061272266722554,0.11526401910370918,1.4162915001068435
2023-07-12 00:00:00,1.3483805953059413,0.13099405539776485,1.3762472157328483
2023-07-13 00:00:00,1.2931720632457102,0.12389927633411633,1.3786139012520764
2023-07-14 00:00:00,1.3319688213842953,0.2582220995058511,1.4647031126060368
2023-07-17 00:00:00,1.3237273002075964,0.3385262640880513,1.409758271680668
2023-07-18 00:00:00,1.2900751515631974,0.25343190308592306,1.2821521970730374
2023-07-19 00:00:00,1.272347177652586,0.15602531182191157,1.2918971065907097
2023-07-20 00:00:00,1.267977155084925,0.07101203114027273,1.5209915338430764
2023-07-21 00:00:00,1.4766420352664347,0.1118827963500998,1.4995867460789283
2023-07-24 00:00:00,1.5135552654802653,0.06698088883638613,1.5488670620908054
2023-07-25 00:00:00,1.4270890282875306,0.11644914644045429,1.6090167391745716
2023-07-26 00:00:00,1.3783165313773753,0.028384191832261374,1.7205609957363865
2023-07-27 00:00:00,1.3644388972652561,0.03421303458893914,1.7558174650151037
2023-07-28 00:00:00,1.3650824999608964,0.03489496282873199,1.5566862592305784
2023-07-31 00:00:00,1.345754116578117,-0.00863814113959372,1.5244810367028792
2023-08-01 00:00:00,1.3290209691030086,0.06840911800500438,1.3385794084172553
2023-08-02 00:00:00,1.3162948603448261,0.04151280677112445,1.357132679758939
2023-08-03 00:00:00,1.3468022405798514,0.07037781482647655,1.398908745649903
2023-08-04 00:00:00,1.3570704204661648,0.0770282969219166,1.422230800156998
2023-08-07 00:00:00,1.4012799990483926,0.07751470616465021,1.391552138969682
2023-08-08 00:00:00,1.5801873728693645,0.0680759503258374,1.2325738017736094
2023-08-09 00:00:00,1.5933640326394896,0.11911363838064833,1.2070546722066415
2023-08-10 00:00:00,1.583499530724611,0.17235379977431622,1.132240719248955
2023-08-11 00:00:00,1.5924846811632336,0.1862094291182608,1.1862965194755168
2023-08-14 00:00:00,1.6070852889822116,0.27911137738353736,1.160816759159333
2023-08-15 00:00:00,1.6686035150350802,0.3331197126363974,1.1908733254154826
2023-08-16 00:00:00,1.631426963020349,0.321626210809275,1.220740296703013
2023-08-17 00:00:00,1.5408380005635534,0.2718340583869971,1.3520752640952318
2023-08-18 00:00:00,1.529282782885204,0.22917886148858138,1.3704787399910758
2023-08-21 00:00:00,1.5419234673625795,0.28805234051583795,1.2760902392874531
2023-08-22 00:00:00,1.5808939925046113,0.3288147416145792,1.2948170667363736
2023-08-23 00:00:00,1.5864357273274958,0.3305238422254116,1.1977911170422582
2023-08-24 00:00:00,1.576731948596064,0.29059115283698067,1.2651226726851732
2023-08-25 00:00:00,1.5841126102947218,0.3405864826105969,1.321626106688389
2023-08-28 00:00:00,1.4951202707824787,0.3173209844882735,1.273032611743404
2023-08-29 00:00:00,1.547288457125672,0.33327401225083897,1.1921912462561182
2023-08-30 00:00:00,1.5795383076964906,0.3796548636986032,1.1928951151106806
2023-08-31 00:00:00,1.4779263598433787,0.3613031844115591,1.0502667982829228
2023-09-01 00:00:00,1.5025738314347947,0.3905880171231678,0.9493579966372521
2023-09-05 00:00:00,1.4713338334448567,0.41246758039769493,0.8501745502138077
2023-09-06 00:00:00,1.426188325901157,0.4184085345107004,0.9254622971806699
2023-09-07 00:00:00,1.4539457727995848,0.4832857892783047,0.7939437839204205
2023-09-08 00:00:00,1.411871271429621,0.4145653277190312,0.670808449333376
2023-09-11 00:00:00,1.3685125630744375,0.43659491294037417,0.6554190964777615
2023-09-12 00:00:00,1.4170654377030842,0.3241233615713857,0.7608427648614217
2023-09-13 00:00:00,1.5043039465518293,0.38672270628470107,0.7515118160437781
2023-09-14 00:00:00,1.4779093755381396,0.34515435793565247,0.8184990916542207
2023-09-15 00:00:00,1.4737498564314713,0.3038494284691384,0.9213360814746498
2023-09-18 00:00:00,1.463931381195855,0.36491031102860483,1.012147418228504
2023-09-19 00:00:00,1.5294638220125294,0.3565021548582811,0.9212761243269985
2023-09-20 00:00:00,1.5598191260654337,0.38738217319220336,0.8889314697470159
2023-09-21 00:00:00,1.5228224787009643,0.3650870032603822,0.9780519609823484
2023-09-22 00:00:00,1.5381907840362719,0.43961792189834836,0.9808018366009038
2023-09-25 00:00:00,1.6299952043641044,0.46091922760165993,1.029415655230118
2023-09-26 00:00:00,1.6451843476899117,0.4703193913693366,0.9888239616560701
2023-09-27 00:00:00,1.6202190354775852,0.4932280345278039,1.0094074311376424
2023-09-28 00:00:00,1.614895796502166,0.48948345333617116,0.9729095513913668
2023-09-29 00:00:00,1.60229565946178,0.4401424543557563,0.867138692563008
2023-10-02 00:00:00,1.695521831181383,0.5673621482490193,0.6966867381799977
2023-10-03 00:00:00,1.7017358043880435,0.5493219232081398,0.8172768896837921
2023-10-04 00:00:00,1.741105544695329,0.6172112441487757,0.7692133533939328
2023-10-05 00:00:00,1.7663046962269413,0.6198990458687182,0.8298005533919847
2023-10-06 00:00:00,1.8105395741069286,0.6647752674989403,0.966008055698259
2023-10-09 00:00:00,1.770087265207473,0.6768367135855563,0.9390934527313769
2023-10-10 00:00:00,1.7331014875184307,0.6571419958459438,0.8419373469512804
2023-10-11 00:00:00,1.765185196517328,0.6835179127171825,0.7634342367704575
2023-10-12 00:00:00,1.7659387189413385,0.7494695533532324,0.7534817060164346
2023-10-13 00:00:00,1.77917332339802,0.7600534548032573,0.8305324342001372
2023-10-16 00:00:00,1.7493394548446224,0.7299223640284179,0.769645393774216
2023-10-17 00:00:00,1.7116980313958683,0.6900982242356098,0.8554091718668998
2023-10-18 00:00:00,1.700962582667933,0.6796630421792691,0.7799836599356487
2023-10-19 00:00:00,1.7209579041513452,0.6785909127007465,0.8373601032343303
2023-10-20 00:00:00,1.7216022158766757,0.7241810760900117,0.9156993117281809
2023-10-23 00:00:00,1.7450773092008518,0.7597556444150264,0.8804958055940671
2023-10-24 00:00:00,1.5956395307439308,0.6879752821750561,0.8788083290063704
2023-10-25 00:00:00,1.5558025777839344,0.6752300599827409,0.7468277415095063
2023-10-26 00:00:00,1.4728462405082134,0.5856396024231374,0.5578122601814645
2023-10-27 00:00:00,1.4723425223738664,0.6433818268121638,0.5878244227556876
2023-10-30 00:00:00,1.4210160775608773,0.6409936546516205,0.5644005532406404
2023-10-31 00:00:00,1.3788935548311287,0.6643368958484464,0.5788410171949725
2023-11-01 00:00:00,1.2794804472202543,0.7056567081673929,0.5087160842240714
2023-11-02 00:00:00,1.409435084397946,0.6392305043710182,0.4107267292174629
2023-11-03 00:00:00,1.3828835742049688,0.5561856242348275,0.25691991017765997
2023-11-06 00:00:00,1.4123295218609528,0.670048963377129,0.24125620142584855
2023-11-07 00:00:00,1.5003612306030192,0.7397921363193457,0.0815468381867416
2023-11-08 00:00:00,1.597091717878601,0.8129032377991362,0.08997372791526895
2023-11-09 00:00:00,1.6137843889765258,0.8577389217678975,0.22950397139578593
2023-11-10 00:00:00,1.5519969804761684,0.8903470358496333,0.14677972789628416
2023-11-13 00:00:00,1.5469740872377369,0.9506348459121413,0.058205412223427754
2023-11-14 00:00:00,1.5409444974187827,0.7964091141553667,-0.04453158372751304
2023-11-15 00:00:00,1.5160685242534717,0.7260673871682054,-0.04086992760260721
2023-11-16 00:00:00,1.5375179479450185,0.794991422984766,-0.023541738506687317
2023-11-17 00:00:00,1.5186378475808628,0.7391038947723397,-0.033741005794261765
2023-11-20 00:00:00,1.5529614836186123,0.7678014154710128,-0.07847806058681409
2023-11-21 00:00:00,1.6328753958965205,0.8515936940535228,-0.04757592827096657
2023-11-22 00:00:00,1.5980898989596166,0.8360799573864008,-0.14055510879525782
2023-11-24 00:00:00,1.5940844680705173,0.8309182981918176,-0.1021154962200653
2023-11-27 00:00:00,1.532994649851933,0.8508205758287815,-0.1455851937960098
2023-11-28 00:00:00,1.4548721224680086,0.811735111136575,-0.20700721560010582
2023-11-29 00:00:00,1.4352009246444672,0.7932592426232727,-0.14687413503694047
2023-11-30 00:00:00,1.431816734099512,0.8085851652996217,-0.08983606921284328
2023-12-01 00:00:00,1.4505535376863765,0.7066075217872122,-0.12280157174350975
2023-12-04 00:00:00,1.3918031408638427,0.7067839976810099,-0.23679338903067723
2023-12-05 00:00:00,1.4024691315400255,0.74751654442412,-0.29433645249762586
2023-12-06 00:00:00,1.409472278788328,0.7251837170700405,-0.3842273290773455
2023-12-07 00:00:00,1.3916603432871368,0.7021860806688022,-0.5280936971043984
2023-12-08 00:00:00,1.436261002720014,0.6533486922622361,-0.4855730122731368
2023-12-11 00:00:00,1.5239710106113533,0.7152921930780843,-0.5849538762821237
2023-12-12 00:00:00,1.5752639657283072,0.8179978449475832,-0.5501304990170123
2023-12-13 00:00:00,1.6215397593466303,0.7421769664176233,-0.506320694727479
2023-12-14 00:00:00,1.579275328397859,0.5568406747562525,-0.4838265070716713
2023-12-15 00:00:00,1.5210108999784369,0.6402205776183095,-0.6033794175950183
2023-12-18 00:00:00,1.5605088051573803,0.6904900763720475,-0.5925929286455125
2023-12-19 00:00:00,1.5708601934879725,0.6600641880021269,-0.5423079338338103
2023-12-20 00:00:00,1.5928070596557722,0.6824342882459972,-0.4855001467737937
2023-12-21 00:00:00,1.5367363287480156,0.6965596407263421,-0.5013166860199959
2023-12-22 00:00:00,1.51912724732674,0.6883237201087231,-0.43139270969457016
2023-12-26 00:00:00,1.475497368193162,0.671853840697122,-0.4096556649942286
2023-12-27 00:00:00,1.479644656825128,0.7017966272992715,-0.4482868323104094
2023-12-28 00:00:00,1.4565475006697872,0.6824988556027478,-0.41544051270113336
2023-12-29 00:00:00,1.4704557458901806,0.7247533077030753,-0.3995127265455794
